ticker,rs_days,ipo_days_eff,fresh_via,as_of_date
AAAC,,298,ipo,2026-10-05
AAAD,,124,ipo,2026-10-05
AAAP,,104,ipo,2026-10-05
AAC,6086,39,ipo,2026-10-05
AAC.U,,97,ipo,2026-10-05
AAC.WS,,39,ipo,2026-10-05
AACBU,,129,ipo,2026-10-05
AACI,,192,ipo,2026-10-05
AACIU,,10,ipo,2026-10-05
AACIW,,192,ipo,2026-10-05
AACO,,175,ipo,2026-10-05
AACOU,,228,ipo,2026-10-05
AACOW,,173,ipo,2026-10-05
AACP,7146,130,ipo,2026-10-05
AACPR,,130,ipo,2026-10-05
AACPU,,181,ipo,2026-10-05
AACPW,,130,ipo,2026-10-05
AADX,,124,ipo,2026-10-05
AAEQ,,299,ipo,2026-10-05
AAHYX,301,,rs,2026-10-05
AAMCF,315,,rs,2026-10-05
AAOG,,146,ipo,2026-10-05
AAOX,,195,ipo,2026-10-05
AAOZ,,82,ipo,2026-10-05
AAPE,,90,ipo,2026-10-05
AAUA,,200,ipo,2026-10-05
AAUB,,74,ipo,2026-10-05
AAUGF,286,,rs,2026-10-05
ABCSX,353,,rs,2026-10-05
ABEPF,7,,rs,2026-10-05
ABMMF,347,,rs,2026-10-05
ABND,,21,ipo,2026-10-05
ABNG,,322,ipo,2026-10-05
ABNY,307,832,rs,2026-10-05
ABP,336,690,rs,2026-10-05
ABQQ,291,,rs,2026-10-05
ABTC,91,397,rs,2026-10-05
ABUF,,187,ipo,2026-10-05
ABX,,279,ipo,2026-10-05
ABXL,,279,ipo,2026-10-05
ACAA,,178,ipo,2026-10-05
ACAAU,,228,ipo,2026-10-05
ACAAW,,174,ipo,2026-10-05
ACAT,342,,rs,2026-10-05
ACBE,,25,ipo,2026-10-05
ACBH,,25,ipo,2026-10-05
ACCL,,353,ipo,2026-10-05
ACCV,,5,ipo,2026-10-05
ACEP,,318,ipo,2026-10-05
ACET,279,2210,rs,2026-10-05
ACGC,,130,ipo,2026-10-05
ACGCU,,181,ipo,2026-10-05
ACGCW,,130,ipo,2026-10-05
ACGO,,124,ipo,2026-10-05
ACH,,276,ipo,2026-10-05
ACHX,,97,ipo,2026-10-05
ACIG,,5,ipo,2026-10-05
ACLZ,,103,ipo,2026-10-05
ACMM,,103,ipo,2026-10-05
ACOM,,110,ipo,2026-10-05
ACQQ,,52,ipo,2026-10-05
ACRT,,52,ipo,2026-10-05
ACSG,,354,ipo,2026-10-05
ACSM,,5,ipo,2026-10-05
ACSP,,52,ipo,2026-10-05
ACSV,,354,ipo,2026-10-05
ACTS,,200,ipo,2026-10-05
ACVU,,158,ipo,2026-10-05
ACYN,,222,ipo,2026-10-05
ACYQ,,103,ipo,2026-10-05
ACYS,,165,ipo,2026-10-05
ADAC,3608,238,ipo,2026-10-05
ADACU,,17,ipo,2026-10-05
ADACW,,238,ipo,2026-10-05
ADAMK,,49,ipo,2026-10-05
ADAMO,,264,ipo,2026-10-05
ADBT,,41,ipo,2026-10-05
ADBU,,194,ipo,2026-10-05
ADDS,,130,ipo,2026-10-05
ADGCX,353,,rs,2026-10-05
ADIG,,62,ipo,2026-10-05
ADIL,241,,rs,2026-10-05
ADIU,,111,ipo,2026-10-05
ADRMF,98,,rs,2026-10-05
ADRX,,10,ipo,2026-10-05
ADTX,140,2288,rs,2026-10-05
ADV,192,2167,rs,2026-10-05
ADVB,227,578,rs,2026-10-05
AEAQ,,252,ipo,2026-10-05
AEAQU,,305,ipo,2026-10-05
AEAQW,,252,ipo,2026-10-05
AEHG,,101,ipo,2026-10-05
AEHL,56,2181,rs,2026-10-05
AELV,,35,ipo,2026-10-05
AEMC,8054,39,ipo,2026-10-05
AEMD,62,,rs,2026-10-05
AEMG,,39,ipo,2026-10-05
AEMV,,39,ipo,2026-10-05
AERO,5101,333,ipo,2026-10-05
AERT,115,1062,rs,2026-10-05
AESB,,39,ipo,2026-10-05
AESG,,39,ipo,2026-10-05
AESL,,39,ipo,2026-10-05
AESP,,96,ipo,2026-10-05
AESPR,,96,ipo,2026-10-05
AESPU,,124,ipo,2026-10-05
AESPW,,96,ipo,2026-10-05
AETN,3,,rs,2026-10-05
AFDG,126,,rs,2026-10-05
AFDM,,21,ipo,2026-10-05
AFEM,,21,ipo,2026-10-05
AFFU,172,,rs,2026-10-05
AFGR,,119,ipo,2026-10-05
AFJKU,,343,ipo,2026-10-05
AGBK,,236,ipo,2026-10-05
AGCC,,348,ipo,2026-10-05
AGGI,122,,rs,2026-10-05
AGGM,,34,ipo,2026-10-05
AGIG,,301,ipo,2026-10-05
AGL,188,1999,rs,2026-10-05
AGMB,,241,ipo,2026-10-05
AGNPF,167,,rs,2026-10-05
AGNT,,150,ipo,2026-10-05
AGPU,370,297,ipo,2026-10-05
AGRCX,353,,rs,2026-10-05
AGRZ,6,369,rs,2026-10-05
AHBM,,47,ipo,2026-10-05
AHD,,139,ipo,2026-10-05
AHMA,,349,ipo,2026-10-05
AHNRF,186,,rs,2026-10-05
AHRT,,217,ipo,2026-10-05
AIAI,,144,ipo,2026-10-05
AIB,,202,ipo,2026-10-05
AIBD,82,873,rs,2026-10-05
AIBF,,12,ipo,2026-10-05
AIBZ,,118,ipo,2026-10-05
AICH,,19,ipo,2026-10-05
AIDX,,228,ipo,2026-10-05
AIFA,115,131,both,2026-10-05
AIFC,,159,ipo,2026-10-05
AIFR,,25,ipo,2026-10-05
AIFU,111,712,rs,2026-10-05
AIHY,,76,ipo,2026-10-05
AIIA,,315,ipo,2026-10-05
AIIO,182,405,rs,2026-10-05
AIIR,,140,ipo,2026-10-05
AIMG,,25,ipo,2026-10-05
AIMS,6926,237,ipo,2026-10-05
AINF,,48,ipo,2026-10-05
AINT,,241,ipo,2026-10-05
AIOS,161,235,both,2026-10-05
AIQD,,125,ipo,2026-10-05
AIQU,,125,ipo,2026-10-05
AIRE,158,1078,rs,2026-10-05
AITX,206,,rs,2026-10-05
AIUP,,241,ipo,2026-10-05
AIX,,102,ipo,2026-10-05
AIXC,,320,ipo,2026-10-05
AIXI,27,1306,rs,2026-10-05
AIYY,307,1042,rs,2026-10-05
AKAL,,60,ipo,2026-10-05
AKAN,175,1665,rs,2026-10-05
AKRE,,343,ipo,2026-10-05
AKTS,,269,ipo,2026-10-05
AKTX,188,,rs,2026-10-05
ALA,,87,ipo,2026-10-05
ALBG,,265,ipo,2026-10-05
ALCE,46,1014,rs,2026-10-05
ALCYU,,286,ipo,2026-10-05
ALDB,,145,ipo,2026-10-05
ALDS,115,,rs,2026-10-05
ALFUU,,199,ipo,2026-10-05
ALH,,361,ipo,2026-10-05
ALIS,,320,ipo,2026-10-05
ALISR,,320,ipo,2026-10-05
ALISU,,4,ipo,2026-10-05
ALIT,96,1917,rs,2026-10-05
ALMR,,171,ipo,2026-10-05
ALOV,,203,ipo,2026-10-05
ALOVU,,256,ipo,2026-10-05
ALOVW,,201,ipo,2026-10-05
ALOY,7551,222,ipo,2026-10-05
ALP,26,167,both,2026-10-05
ALPS,,339,ipo,2026-10-05
ALPX,,90,ipo,2026-10-05
ALPXR,,90,ipo,2026-10-05
ALPXU,,102,ipo,2026-10-05
ALPXW,,90,ipo,2026-10-05
ALUB,,272,ipo,2026-10-05
ALUB.U,,326,ipo,2026-10-05
ALUB.WS,,272,ipo,2026-10-05
ALUR,109,1160,rs,2026-10-05
AMA,,157,ipo,2026-10-05
AMAA,,101,ipo,2026-10-05
AMAC,,27,ipo,2026-10-05
AMACU,,80,ipo,2026-10-05
AMACW,,27,ipo,2026-10-05
AMAN,,139,ipo,2026-10-05
AMAU,,146,ipo,2026-10-05
AMCCF,265,,rs,2026-10-05
AMCI,,299,ipo,2026-10-05
AMCR,263,,rs,2026-10-05
AMDC,,101,ipo,2026-10-05
AMDD,82,600,rs,2026-10-05
AMDY,301,1112,rs,2026-10-05
AMEI,,103,ipo,2026-10-05
AMEM,,103,ipo,2026-10-05
AMGR,,103,ipo,2026-10-05
AMGRF,334,,rs,2026-10-05
AMHI,,102,ipo,2026-10-05
AMIX,103,980,rs,2026-10-05
AMKL,,153,ipo,2026-10-05
AMKX,,90,ipo,2026-10-05
AMMO,,81,ipo,2026-10-05
AMOD,112,658,rs,2026-10-05
AMPGR,,244,ipo,2026-10-05
AMPGZ,,244,ipo,2026-10-05
AMPU,,152,ipo,2026-10-05
AMSS,,138,ipo,2026-10-05
AMUN,,350,ipo,2026-10-05
AMZE,70,560,rs,2026-10-05
AMZG,4583,90,ipo,2026-10-05
AMZO,,195,ipo,2026-10-05
ANABV,,182,ipo,2026-10-05
ANDG,,292,ipo,2026-10-05
ANGU,,60,ipo,2026-10-05
ANSCU,,182,ipo,2026-10-05
ANTW,,53,ipo,2026-10-05
ANV,,244,ipo,2026-10-05
ANY,237,,rs,2026-10-05
AOTS,,286,ipo,2026-10-05
AOTVF,293,,rs,2026-10-05
APAC,,318,ipo,2026-10-05
APACR,,318,ipo,2026-10-05
APC,,235,ipo,2026-10-05
APDB,,152,ipo,2026-10-05
APEOF,83,,rs,2026-10-05
APGCX,353,,rs,2026-10-05
APHG,,111,ipo,2026-10-05
APHU,,229,ipo,2026-10-05
APLZ,124,256,both,2026-10-05
APM,77,,rs,2026-10-05
APMC,,98,ipo,2026-10-05
APMCR,,98,ipo,2026-10-05
APMCU,,124,ipo,2026-10-05
APMD,,66,ipo,2026-10-05
APMI,,90,ipo,2026-10-05
APMOF,215,,rs,2026-10-05
APMRF,77,,rs,2026-10-05
APPC,,101,ipo,2026-10-05
APPX,209,528,rs,2026-10-05
APRB,6187,356,ipo,2026-10-05
APUR,,117,ipo,2026-10-05
APURR,,117,ipo,2026-10-05
APURU,,137,ipo,2026-10-05
APUS,73,514,rs,2026-10-05
APVO,279,,rs,2026-10-05
APXT,,322,ipo,2026-10-05
APXTU,,342,ipo,2026-10-05
APXTW,,322,ipo,2026-10-05
AQEC,,321,ipo,2026-10-05
AQIMF,244,,rs,2026-10-05
AQLG,,119,ipo,2026-10-05
ARBK,297,1838,rs,2026-10-05
ARCI,,203,ipo,2026-10-05
ARCIU,,255,ipo,2026-10-05
ARCIW,,203,ipo,2026-10-05
ARCL,,129,ipo,2026-10-05
ARCLR,,129,ipo,2026-10-05
ARCLU,,158,ipo,2026-10-05
ARCLW,,129,ipo,2026-10-05
ARCP,,67,ipo,2026-10-05
ARCUF,279,,rs,2026-10-05
ARCX,307,482,rs,2026-10-05
AREB,196,1701,rs,2026-10-05
AREBW,196,1701,rs,2026-10-05
ARIA,,56,ipo,2026-10-05
ARIS,,228,ipo,2026-10-05
ARKD,,276,ipo,2026-10-05
ARKE,,96,ipo,2026-10-05
ARKI,,187,ipo,2026-10-05
ARKY,,47,ipo,2026-10-05
ARLI,,187,ipo,2026-10-05
ARLYF,132,,rs,2026-10-05
ARMA,,97,ipo,2026-10-05
ARMS,,67,ipo,2026-10-05
ARMW,,347,ipo,2026-10-05
ARMY,,188,ipo,2026-10-05
ARTC,,220,ipo,2026-10-05
ARTCU,,272,ipo,2026-10-05
ARTCW,,220,ipo,2026-10-05
ARTL,35,,rs,2026-10-05
ARWG,,279,ipo,2026-10-05
ARXS,,172,ipo,2026-10-05
ASBH,,19,ipo,2026-10-05
ASBP,147,592,rs,2026-10-05
ASCI,,350,ipo,2026-10-05
ASD,,125,ipo,2026-10-05
ASEC,,130,ipo,2026-10-05
ASKE,102,,rs,2026-10-05
ASMTF,314,,rs,2026-10-05
ASMU,,236,ipo,2026-10-05
ASMZ,,97,ipo,2026-10-05
ASNS,321,1606,rs,2026-10-05
ASRT,283,,rs,2026-10-05
ASST,241,1340,rs,2026-10-05
ASSX,,17,ipo,2026-10-05
ASTG,,104,ipo,2026-10-05
ASTN,25,241,both,2026-10-05
ASTT,7223,101,ipo,2026-10-05
ASTY,,137,ipo,2026-10-05
ASUP,,137,ipo,2026-10-05
ASWRF,83,,rs,2026-10-05
AT,,20,ipo,2026-10-05
ATC,,146,ipo,2026-10-05
ATCL,,229,ipo,2026-10-05
ATCX,7754,269,ipo,2026-10-05
ATECX,353,,rs,2026-10-05
ATIIU,,255,ipo,2026-10-05
ATLQ,,35,ipo,2026-10-05
ATLQR,,35,ipo,2026-10-05
ATLQU,,34,ipo,2026-10-05
ATLQW,,34,ipo,2026-10-05
ATOS,245,,rs,2026-10-05
ATPC,237,1090,rs,2026-10-05
ATTO,2258,61,ipo,2026-10-05
ATTR,,342,ipo,2026-10-05
ATTT,,25,ipo,2026-10-05
ATVK,258,,rs,2026-10-05
ATVVF,315,,rs,2026-10-05
ATXG,189,1496,rs,2026-10-05
AUAU,,299,ipo,2026-10-05
AUC,,140,ipo,2026-10-05
AUGC,,62,ipo,2026-10-05
AUHIF,333,,rs,2026-10-05
AUNXF,360,,rs,2026-10-05
AURE,228,357,both,2026-10-05
AURU,,362,ipo,2026-10-05
AURWF,25,,rs,2026-10-05
AUUD,187,2056,rs,2026-10-05
AUXX,,27,ipo,2026-10-05
AV,,152,ipo,2026-10-05
AVAT,,116,ipo,2026-10-05
AVAZ,,143,ipo,2026-10-05
AVEX,,171,ipo,2026-10-05
AVGC,4466,97,ipo,2026-10-05
AVLN,6950,158,ipo,2026-10-05
AVLNF,84,,rs,2026-10-05
AVNC,,5,ipo,2026-10-05
AVOS,,213,ipo,2026-10-05
AVRY,,256,ipo,2026-10-05
AVTM,,245,ipo,2026-10-05
AVX,112,326,both,2026-10-05
AVXX,26,346,both,2026-10-05
AWP,238,,rs,2026-10-05
AWPCX,353,,rs,2026-10-05
AXG,,360,ipo,2026-10-05
AXIA,8540,329,ipo,2026-10-05
AXINU,,272,ipo,2026-10-05
AXPG,,228,ipo,2026-10-05
AXTC,,90,ipo,2026-10-05
AXTL,,111,ipo,2026-10-05
AXTQ,,48,ipo,2026-10-05
AXTU,42,153,both,2026-10-05
AXTX,13,164,both,2026-10-05
AYA,,154,ipo,2026-10-05
AZI,196,768,rs,2026-10-05
AZIO,,84,ipo,2026-10-05
AZLUQ,236,,rs,2026-10-05
AZLUY,217,,rs,2026-10-05
AZN,245,,rs,2026-10-05
AZUL,,126,ipo,2026-10-05
AZULQ,273,,rs,2026-10-05
AZURF,286,,rs,2026-10-05
BABC,,87,ipo,2026-10-05
BABU,,236,ipo,2026-10-05
BABW,,347,ipo,2026-10-05
BABYF,88,,rs,2026-10-05
BACQU,,346,ipo,2026-10-05
BAGX,,70,ipo,2026-10-05
BAIG,153,410,rs,2026-10-05
BAIV,,221,ipo,2026-10-05
BALQ,,306,ipo,2026-10-05
BANL,77,1292,rs,2026-10-05
BANXR,,250,ipo,2026-10-05
BARK,187,1951,rs,2026-10-05
BATXF,342,,rs,2026-10-05
BAVA,,173,ipo,2026-10-05
BAY,,152,ipo,2026-10-05
BAYAU,,136,ipo,2026-10-05
BBBXF,227,,rs,2026-10-05
BBBY.WS,,357,ipo,2026-10-05
BBBYW,,49,ipo,2026-10-05
BBCMF,332,,rs,2026-10-05
BBCQ,,250,ipo,2026-10-05
BBCQU,,270,ipo,2026-10-05
BBCQW,,250,ipo,2026-10-05
BBHL,,322,ipo,2026-10-05
BBHM,,322,ipo,2026-10-05
BBKCF,40,,rs,2026-10-05
BBLS,,46,ipo,2026-10-05
BBSGX,199,,rs,2026-10-05
BBUL,,90,ipo,2026-10-05
BBYY,,349,ipo,2026-10-05
BCAB,182,2119,rs,2026-10-05
BCCQ,,63,ipo,2026-10-05
BCCQU,,90,ipo,2026-10-05
BCCQW,,61,ipo,2026-10-05
BCEM,,179,ipo,2026-10-05
BCFN,,294,ipo,2026-10-05
BCGD,,294,ipo,2026-10-05
BCGS,,210,ipo,2026-10-05
BCHT,278,221,both,2026-10-05
BCOM,,3,ipo,2026-10-05
BCPL,,266,ipo,2026-10-05
BCSM,,294,ipo,2026-10-05
BCSS,,319,ipo,2026-10-05
BCSS.WS,,318,ipo,2026-10-05
BCTK,,294,ipo,2026-10-05
BCTXL,,264,ipo,2026-10-05
BD,,104,ipo,2026-10-05
BDCI,7306,354,ipo,2026-10-05
BDCIW,,354,ipo,2026-10-05
BDLNF,130,,rs,2026-10-05
BDRX,182,1288,rs,2026-10-05
BEBE,3587,241,ipo,2026-10-05
BEBE.U,,5,ipo,2026-10-05
BEBE.WS,,241,ipo,2026-10-05
BEC,,97,ipo,2026-10-05
BEDY,,301,ipo,2026-10-05
BEG,,293,ipo,2026-10-05
BEMD,,52,ipo,2026-10-05
BENF,294,1215,rs,2026-10-05
BERZ,223,1874,rs,2026-10-05
BESO,,166,ipo,2026-10-05
BESS,,227,ipo,2026-10-05
BESS.WS,,227,ipo,2026-10-05
BETA,,335,ipo,2026-10-05
BEX,,326,ipo,2026-10-05
BEZ,124,236,both,2026-10-05
BFEW,,180,ipo,2026-10-05
BFGFF,159,,rs,2026-10-05
BFJA,,266,ipo,2026-10-05
BFLB,,362,ipo,2026-10-05
BFLX,4414,138,ipo,2026-10-05
BFXU,,180,ipo,2026-10-05
BGAVF,217,,rs,2026-10-05
BGCG,,126,ipo,2026-10-05
BGDE,,158,ipo,2026-10-05
BGEG,,124,ipo,2026-10-05
BGFI,,69,ipo,2026-10-05
BGGG,,126,ipo,2026-10-05
BGIA,,124,ipo,2026-10-05
BGIN,,349,ipo,2026-10-05
BGM,4,784,rs,2026-10-05
BGSI,,339,ipo,2026-10-05
BGUS,,69,ipo,2026-10-05
BGXCF,236,,rs,2026-10-05
BHAT,210,,rs,2026-10-05
BHAV,,172,ipo,2026-10-05
BHAVR,,172,ipo,2026-10-05
BHAVU,,200,ipo,2026-10-05
BHDG,,201,ipo,2026-10-05
BHLL,213,,rs,2026-10-05
BHYP,,143,ipo,2026-10-05
BIAF,42,1495,rs,2026-10-05
BID,,77,ipo,2026-10-05
BIDG,,291,ipo,2026-10-05
BIDWR,,77,ipo,2026-10-05
BIDWU,,129,ipo,2026-10-05
BIII,,249,ipo,2026-10-05
BIII.U,,272,ipo,2026-10-05
BIII.WS,,249,ipo,2026-10-05
BIO.B,,258,ipo,2026-10-05
BIOT,,73,ipo,2026-10-05
BIOTW,,73,ipo,2026-10-05
BIOY,,153,ipo,2026-10-05
BIS,130,,rs,2026-10-05
BITA,,111,ipo,2026-10-05
BITW,,300,ipo,2026-10-05
BIXI,,292,ipo,2026-10-05
BIXIU,,307,ipo,2026-10-05
BIXIW,,292,ipo,2026-10-05
BIYA,84,563,rs,2026-10-05
BJDX,249,1790,rs,2026-10-05
BJURF,24,,rs,2026-10-05
BKFI,,266,ipo,2026-10-05
BKHAU,,292,ipo,2026-10-05
BKLG,,104,ipo,2026-10-05
BKMI,,266,ipo,2026-10-05
BKMS,,266,ipo,2026-10-05
BKYI,158,89,both,2026-10-05
BLCK,,152,ipo,2026-10-05
BLDX,,245,ipo,2026-10-05
BLEG,125,,rs,2026-10-05
BLLN,,333,ipo,2026-10-05
BLMZ,318,803,rs,2026-10-05
BLRK,,245,ipo,2026-10-05
BLRKU,,298,ipo,2026-10-05
BLRKW,,244,ipo,2026-10-05
BLRZF,291,,rs,2026-10-05
BLSG,,343,ipo,2026-10-05
BLSM,,59,ipo,2026-10-05
BLSX,,347,ipo,2026-10-05
BLUWU,,3,ipo,2026-10-05
BLVDF,346,,rs,2026-10-05
BLZR,,339,ipo,2026-10-05
BLZRW,,339,ipo,2026-10-05
BMGL,105,587,rs,2026-10-05
BMM,,252,ipo,2026-10-05
BMNG,153,343,both,2026-10-05
BMNP,,111,ipo,2026-10-05
BMNU,84,374,rs,2026-10-05
BMNZ,,326,ipo,2026-10-05
BMOP,,266,ipo,2026-10-05
BMSI,,69,ipo,2026-10-05
BMTLF,150,,rs,2026-10-05
BMXC,334,,rs,2026-10-05
BNAI,297,934,rs,2026-10-05
BNAV,,68,ipo,2026-10-05
BNBX,490,363,ipo,2026-10-05
BNCWZ,,173,ipo,2026-10-05
BNDP,,305,ipo,2026-10-05
BNKD,223,592,rs,2026-10-05
BNKK,298,360,both,2026-10-05
BNKKW,,360,ipo,2026-10-05
BNMC,,87,ipo,2026-10-05
BNRG,53,1594,rs,2026-10-05
BNY,,137,ipo,2026-10-05
BOBS,,242,ipo,2026-10-05
BOIL,130,,rs,2026-10-05
BOT,,147,ipo,2026-10-05
BOTY,245,,rs,2026-10-05
BOXL,105,,rs,2026-10-05
BPAC,5008,272,ipo,2026-10-05
BPACR,,272,ipo,2026-10-05
BPACU,,327,ipo,2026-10-05
BPRE,,293,ipo,2026-10-05
BPRO,4242,256,ipo,2026-10-05
BRAI,,235,ipo,2026-10-05
BRCC,42,1698,rs,2026-10-05
BRCE,,348,ipo,2026-10-05
BREE,,214,ipo,2026-10-05
BREM,,354,ipo,2026-10-05
BRES,,242,ipo,2026-10-05
BREW,,152,ipo,2026-10-05
BREZ,,116,ipo,2026-10-05
BREZR,,116,ipo,2026-10-05
BREZU,,145,ipo,2026-10-05
BRIB,,200,ipo,2026-10-05
BRIE,,348,ipo,2026-10-05
BRKH,,83,ipo,2026-10-05
BRKHU,,136,ipo,2026-10-05
BRKHW,,83,ipo,2026-10-05
BRKL,,90,ipo,2026-10-05
BRLL,196,,rs,2026-10-05
BRNX,,52,ipo,2026-10-05
BROL,,131,ipo,2026-10-05
BRRGF,258,,rs,2026-10-05
BRRKU,,10,ipo,2026-10-05
BRRN,11,,rs,2026-10-05
BRSM,,123,ipo,2026-10-05
BRSV,,70,ipo,2026-10-05
BRTM,,25,ipo,2026-10-05
BRTMU,,76,ipo,2026-10-05
BRTMW,,25,ipo,2026-10-05
BRTX,27,1795,rs,2026-10-05
BRUN,,147,ipo,2026-10-05
BRUNW,,147,ipo,2026-10-05
BRVE,,60,ipo,2026-10-05
BRYGF,348,,rs,2026-10-05
BRZD,,46,ipo,2026-10-05
BRZL,495,46,ipo,2026-10-05
BRZX,,124,ipo,2026-10-05
BSCA,,117,ipo,2026-10-05
BSEM,4269,59,ipo,2026-10-05
BSENF,343,,rs,2026-10-05
BSGR,,117,ipo,2026-10-05
BSGT,,117,ipo,2026-10-05
BSIN,,119,ipo,2026-10-05
BSJY,,117,ipo,2026-10-05
BSKZF,287,,rs,2026-10-05
BSMA,,19,ipo,2026-10-05
BSOL,,342,ipo,2026-10-05
BSP,,96,ipo,2026-10-05
BSTS,,117,ipo,2026-10-05
BSTU,,117,ipo,2026-10-05
BSTV,,117,ipo,2026-10-05
BTA,,41,ipo,2026-10-05
BTCK,,123,ipo,2026-10-05
BTCU,,131,ipo,2026-10-05
BTDL,,83,ipo,2026-10-05
BTF,252,1809,rs,2026-10-05
BTFL,,279,ipo,2026-10-05
BTGO,,256,ipo,2026-10-05
BTLN,7,46,both,2026-10-05
BTM,224,1190,rs,2026-10-05
BTOG,45,1693,rs,2026-10-05
BTOT,,298,ipo,2026-10-05
BTYB,,244,ipo,2026-10-05
BU,,320,ipo,2026-10-05
BUDA,,270,ipo,2026-10-05
BUFE,,179,ipo,2026-10-05
BUGLF,313,,rs,2026-10-05
BUIL,,19,ipo,2026-10-05
BULG,164,420,rs,2026-10-05
BURU,33,21,both,2026-10-05
BUSC,251,,rs,2026-10-05
BUSIX,199,,rs,2026-10-05
BUSM,,70,ipo,2026-10-05
BUYB,,151,ipo,2026-10-05
BVC,273,285,both,2026-10-05
BWIV,,147,ipo,2026-10-05
BWIV.U,,199,ipo,2026-10-05
BWIV.WS,,147,ipo,2026-10-05
BWOW,,313,ipo,2026-10-05
BWQG,,88,ipo,2026-10-05
BXBL,,77,ipo,2026-10-05
BXDC,,144,ipo,2026-10-05
BYAH,60,342,both,2026-10-05
BYMMX,273,,rs,2026-10-05
BYND,52,,rs,2026-10-05
BYOGF,138,,rs,2026-10-05
BZQ,130,,rs,2026-10-05
BZZ,,152,ipo,2026-10-05
CABR,,326,ipo,2026-10-05
CABZ,,264,ipo,2026-10-05
CAES,,110,ipo,2026-10-05
CAGE,6236,172,ipo,2026-10-05
CAII,,105,ipo,2026-10-05
CAIIU,,159,ipo,2026-10-05
CAIIW,,105,ipo,2026-10-05
CAIQ,,319,ipo,2026-10-05
CALC,35,1209,rs,2026-10-05
CALY,,262,ipo,2026-10-05
CAM,,364,ipo,2026-10-05
CAMC,,103,ipo,2026-10-05
CANF,273,,rs,2026-10-05
CANG,76,,rs,2026-10-05
CAPA,,40,ipo,2026-10-05
CAPNU,,17,ipo,2026-10-05
CAQ,8609,189,ipo,2026-10-05
CAQUU,,241,ipo,2026-10-05
CAQUW,,187,ipo,2026-10-05
CARX,,103,ipo,2026-10-05
CAST,,209,ipo,2026-10-05
CATG,1886,146,ipo,2026-10-05
CATL,,18,ipo,2026-10-05
CATLR,,18,ipo,2026-10-05
CATLU,,69,ipo,2026-10-05
CATTF,105,,rs,2026-10-05
CAUG,,62,ipo,2026-10-05
CBC,,319,ipo,2026-10-05
CBIL,,123,ipo,2026-10-05
CBO,,264,ipo,2026-10-05
CBOL,,356,ipo,2026-10-05
CBOO,,363,ipo,2026-10-05
CBRG,,143,ipo,2026-10-05
CBRS,,144,ipo,2026-10-05
CBRX,4805,129,ipo,2026-10-05
CBRZ,,129,ipo,2026-10-05
CBTL,,356,ipo,2026-10-05
CBTO,,363,ipo,2026-10-05
CBTTF,354,,rs,2026-10-05
CBVTF,105,,rs,2026-10-05
CBWTF,69,,rs,2026-10-05
CBXL,,356,ipo,2026-10-05
CBXO,,363,ipo,2026-10-05
CCAQ,,131,ipo,2026-10-05
CCAQU,,131,ipo,2026-10-05
CCAQW,,131,ipo,2026-10-05
CCC,,339,ipo,2026-10-05
CCCFF,73,,rs,2026-10-05
CCCT,,66,ipo,2026-10-05
CCCTU,,88,ipo,2026-10-05
CCCTW,,66,ipo,2026-10-05
CCG,77,1113,rs,2026-10-05
CCHH,84,367,rs,2026-10-05
CCID,,335,ipo,2026-10-05
CCIXU,,131,ipo,2026-10-05
CCML,,26,ipo,2026-10-05
CCOM,,251,ipo,2026-10-05
CCPX,,124,ipo,2026-10-05
CCRP,,298,ipo,2026-10-05
CCTG,255,991,rs,2026-10-05
CCUP,42,420,rs,2026-10-05
CCWYF,132,,rs,2026-10-05
CCXI,,238,ipo,2026-10-05
CCXIU,,292,ipo,2026-10-05
CCXIW,,238,ipo,2026-10-05
CD,7335,326,ipo,2026-10-05
CDIX,266,,rs,2026-10-05
CDLX,119,,rs,2026-10-05
CDNG,,104,ipo,2026-10-05
CDNL,,299,ipo,2026-10-05
CDPI,,83,ipo,2026-10-05
CDT,6,1106,rs,2026-10-05
CDTG,126,900,rs,2026-10-05
CELT,,362,ipo,2026-10-05
CENN,175,1725,rs,2026-10-05
CEPL,,89,ipo,2026-10-05
CEPS,,242,ipo,2026-10-05
CEPV,,335,ipo,2026-10-05
CETX,122,,rs,2026-10-05
CETY,364,1292,rs,2026-10-05
CFNB,115,,rs,2026-10-05
CGCF,,49,ipo,2026-10-05
CGCFU,,102,ipo,2026-10-05
CGCFW,,49,ipo,2026-10-05
CGFS,,18,ipo,2026-10-05
CGOV,,123,ipo,2026-10-05
CGPT,,53,ipo,2026-10-05
CGTL,90,678,rs,2026-10-05
CHAD,,27,ipo,2026-10-05
CHAI,,363,ipo,2026-10-05
CHARU,,47,ipo,2026-10-05
CHCCX,353,,rs,2026-10-05
CHDG,,62,ipo,2026-10-05
CHEC,,328,ipo,2026-10-05
CHECW,,328,ipo,2026-10-05
CHGA,35,75,both,2026-10-05
CHIP,,12,ipo,2026-10-05
CHMMF,166,,rs,2026-10-05
CHNL,,187,ipo,2026-10-05
CHNU,,187,ipo,2026-10-05
CHNVF,94,,rs,2026-10-05
CHPGU,,122,ipo,2026-10-05
CHR,181,1061,rs,2026-10-05
CHRN,,153,ipo,2026-10-05
CHSN,151,1285,rs,2026-10-05
CHTRP,,46,ipo,2026-10-05
CHWM,,4,ipo,2026-10-05
CHYG,,123,ipo,2026-10-05
CICC,4494,235,ipo,2026-10-05
CIEG,,146,ipo,2026-10-05
CIEI,,123,ipo,2026-10-05
CIEX,,96,ipo,2026-10-05
CIFC,,97,ipo,2026-10-05
CIFG,,298,ipo,2026-10-05
CIFU,,318,ipo,2026-10-05
CIGL,,76,ipo,2026-10-05
CIIT,77,543,rs,2026-10-05
CIR,,90,ipo,2026-10-05
CIRC,7271,95,ipo,2026-10-05
CISS,47,1201,rs,2026-10-05
CITR,,305,ipo,2026-10-05
CIVG,,123,ipo,2026-10-05
CIVX,27,,rs,2026-10-05
CJET,336,1221,rs,2026-10-05
CJUL,,95,ipo,2026-10-05
CJUN,,125,ipo,2026-10-05
CLBR,,192,ipo,2026-10-05
CLBR.U,,243,ipo,2026-10-05
CLBR.WS,,192,ipo,2026-10-05
CLDI,66,1118,rs,2026-10-05
CLGN,31,,rs,2026-10-05
CLIK,360,726,rs,2026-10-05
CLIM,,207,ipo,2026-10-05
CLIR,203,,rs,2026-10-05
CLLEF,68,,rs,2026-10-05
CLNK,,264,ipo,2026-10-05
CLOC,,347,ipo,2026-10-05
CLOO,,152,ipo,2026-10-05
CLSZ,,228,ipo,2026-10-05
CLUB,,152,ipo,2026-10-05
CMAG,,152,ipo,2026-10-05
CMAY,,157,ipo,2026-10-05
CMBO,,335,ipo,2026-10-05
CMCSV,,294,ipo,2026-10-05
CMCT,168,,rs,2026-10-05
CMGG,,322,ipo,2026-10-05
CMII,,220,ipo,2026-10-05
CMIIU,,236,ipo,2026-10-05
CMIIW,,216,ipo,2026-10-05
CMND,0,1420,rs,2026-10-05
CMTNF,243,,rs,2026-10-05
CMTV,,245,ipo,2026-10-05
CNCG,3216,291,ipo,2026-10-05
CNCOF,188,,rs,2026-10-05
CNSY,186,63,both,2026-10-05
CNTM,168,812,rs,2026-10-05
CNTN,,229,ipo,2026-10-05
CNUCF,229,,rs,2026-10-05
CNXU,,137,ipo,2026-10-05
COAG,,157,ipo,2026-10-05
CODX,276,208,both,2026-10-05
COHC,,90,ipo,2026-10-05
COHH,,146,ipo,2026-10-05
COHQ,7000,48,ipo,2026-10-05
COHX,,228,ipo,2026-10-05
COIA,130,390,rs,2026-10-05
COIX,,101,ipo,2026-10-05
COLAU,,32,ipo,2026-10-05
COMD,,236,ipo,2026-10-05
CONX,,320,ipo,2026-10-05
CONY,307,1147,rs,2026-10-05
COOK,201,1894,rs,2026-10-05
COOL,3717,53,ipo,2026-10-05
COPJF,328,,rs,2026-10-05
COPL.U,,6,ipo,2026-10-05
COPL.WS,,245,ipo,2026-10-05
COPR,294,95,both,2026-10-05
COPR.WS,,95,ipo,2026-10-05
COPZ,,229,ipo,2026-10-05
CORB,,329,ipo,2026-10-05
COSG,339,,rs,2026-10-05
COSW,,347,ipo,2026-10-05
COYY,125,433,rs,2026-10-05
COZX,,334,ipo,2026-10-05
CPEFF,292,,rs,2026-10-05
CPNX,,164,ipo,2026-10-05
CPOP,21,1923,rs,2026-10-05
CPTL,,75,ipo,2026-10-05
CPTLF,27,,rs,2026-10-05
CQTM,,152,ipo,2026-10-05
CRAC,,300,ipo,2026-10-05
CRACR,,300,ipo,2026-10-05
CRACU,,332,ipo,2026-10-05
CRACW,,300,ipo,2026-10-05
CRAM,,25,ipo,2026-10-05
CRAN,,266,ipo,2026-10-05
CRANR,,266,ipo,2026-10-05
CRANU,,293,ipo,2026-10-05
CRAQU,,123,ipo,2026-10-05
CRCA,221,424,rs,2026-10-05
CRCG,153,420,rs,2026-10-05
CRD,,83,ipo,2026-10-05
CRDD,,187,ipo,2026-10-05
CRDU,209,384,rs,2026-10-05
CRDX,,187,ipo,2026-10-05
CRE,234,439,rs,2026-10-05
CREG,111,,rs,2026-10-05
CRIB,,104,ipo,2026-10-05
CRIS,91,,rs,2026-10-05
CRMU,,237,ipo,2026-10-05
CRMX,13,265,both,2026-10-05
CROB,,48,ipo,2026-10-05
CROEF,255,,rs,2026-10-05
CROTF,145,,rs,2026-10-05
CRSH,307,886,rs,2026-10-05
CRSTF,349,,rs,2026-10-05
CRTD,223,2215,rs,2026-10-05
CRUC,,103,ipo,2026-10-05
CRUX,,203,ipo,2026-10-05
CRWC,,83,ipo,2026-10-05
CRWG,153,420,rs,2026-10-05
CRWU,42,437,rs,2026-10-05
CRWX,,90,ipo,2026-10-05
CRXP,,298,ipo,2026-10-05
CRY,,160,ipo,2026-10-05
CRZNF,362,,rs,2026-10-05
CSAI,66,613,rs,2026-10-05
CSCIF,90,,rs,2026-10-05
CSEN,,112,ipo,2026-10-05
CSEP,,20,ipo,2026-10-05
CSEX,,326,ipo,2026-10-05
CSHR,,187,ipo,2026-10-05
CSHRW,,187,ipo,2026-10-05
CSIO,,299,ipo,2026-10-05
CSQR,,81,ipo,2026-10-05
CSRA,,54,ipo,2026-10-05
CSRVF,62,,rs,2026-10-05
CSSD,,299,ipo,2026-10-05
CTAA,,172,ipo,2026-10-05
CTAAR,,172,ipo,2026-10-05
CTAAU,,223,ipo,2026-10-05
CTAG,,14,ipo,2026-10-05
CTAP,,300,ipo,2026-10-05
CTAU,,62,ipo,2026-10-05
CTGCF,279,,rs,2026-10-05
CTGG,,110,ipo,2026-10-05
CTHH,,110,ipo,2026-10-05
CTJL,,95,ipo,2026-10-05
CTJN,,125,ipo,2026-10-05
CTMA,,152,ipo,2026-10-05
CTNT,7,1161,rs,2026-10-05
CTSE,,20,ipo,2026-10-05
CTSO,27,,rs,2026-10-05
CUBT,196,,rs,2026-10-05
CUE,164,,rs,2026-10-05
CUEXF,17,,rs,2026-10-05
CULTF,262,,rs,2026-10-05
CUPR,131,543,rs,2026-10-05
CURLF,122,,rs,2026-10-05
CURX,46,405,rs,2026-10-05
CUSD,,250,ipo,2026-10-05
CUST,,123,ipo,2026-10-05
CUVL,,77,ipo,2026-10-05
CVGD,,140,ipo,2026-10-05
CVSA,,223,ipo,2026-10-05
CVSM,,140,ipo,2026-10-05
CWII,7769,335,ipo,2026-10-05
CWVX,307,451,rs,2026-10-05
CWY,,174,ipo,2026-10-05
CXAI,48,1300,rs,2026-10-05
CXII,7706,110,ipo,2026-10-05
CXIIU,,160,ipo,2026-10-05
CXIIW,,110,ipo,2026-10-05
CYAB,,192,ipo,2026-10-05
CYAN,238,2467,rs,2026-10-05
CYCN,26,,rs,2026-10-05
CYCU,38,594,rs,2026-10-05
CYKLF,364,,rs,2026-10-05
CYPH,,326,ipo,2026-10-05
CYPMF,342,,rs,2026-10-05
DACL,,53,ipo,2026-10-05
DAIC,126,469,rs,2026-10-05
DAMD,25,325,both,2026-10-05
DANA,,306,ipo,2026-10-05
DASX,,347,ipo,2026-10-05
DAZSF,20,,rs,2026-10-05
DBAR,,5,ipo,2026-10-05
DBCA,,222,ipo,2026-10-05
DBCAU,,236,ipo,2026-10-05
DBCAW,,222,ipo,2026-10-05
DBCCF,34,,rs,2026-10-05
DBGI,73,411,rs,2026-10-05
DBSC,,293,ipo,2026-10-05
DCAP,8075,11,ipo,2026-10-05
DCBG,,181,ipo,2026-10-05
DCH,,242,ipo,2026-10-05
DCOY,210,270,both,2026-10-05
DCX,7,299,both,2026-10-05
DD,103,,rs,2026-10-05
DDDD,,207,ipo,2026-10-05
DDFA,,187,ipo,2026-10-05
DDFD,,308,ipo,2026-10-05
DDFF,,245,ipo,2026-10-05
DDFG,,63,ipo,2026-10-05
DDFJ,,276,ipo,2026-10-05
DDFM,,217,ipo,2026-10-05
DDFN,,336,ipo,2026-10-05
DDFY,,157,ipo,2026-10-05
DDFZ,,126,ipo,2026-10-05
DDNQ,,276,ipo,2026-10-05
DDSQ,,276,ipo,2026-10-05
DDTA,,187,ipo,2026-10-05
DDTD,,308,ipo,2026-10-05
DDTF,,245,ipo,2026-10-05
DDTG,,63,ipo,2026-10-05
DDTJ,,276,ipo,2026-10-05
DDTM,,217,ipo,2026-10-05
DDTN,,336,ipo,2026-10-05
DDTY,,157,ipo,2026-10-05
DDTZ,,126,ipo,2026-10-05
DDV,,326,ipo,2026-10-05
DDX,,334,ipo,2026-10-05
DDXX,,326,ipo,2026-10-05
DEPW,,53,ipo,2026-10-05
DETX,,166,ipo,2026-10-05
DFAL,,104,ipo,2026-10-05
DFDVW,,333,ipo,2026-10-05
DFLI,291,1456,rs,2026-10-05
DFMC,,199,ipo,2026-10-05
DFNS,77,238,both,2026-10-05
DFNSW,,238,ipo,2026-10-05
DFTT,7602,327,ipo,2026-10-05
DFTX,,263,ipo,2026-10-05
DGAC,,80,ipo,2026-10-05
DGAC.U,,131,ipo,2026-10-05
DGAP,,168,ipo,2026-10-05
DGJA,,258,ipo,2026-10-05
DGJL,,77,ipo,2026-10-05
DGLY,270,,rs,2026-10-05
DGNX,160,621,rs,2026-10-05
DGOC,,350,ipo,2026-10-05
DHAI,350,969,rs,2026-10-05
DHY,5,,rs,2026-10-05
DICE,,26,ipo,2026-10-05
DIME,,363,ipo,2026-10-05
DINE,6299,153,ipo,2026-10-05
DIPR,,152,ipo,2026-10-05
DIPS,307,803,rs,2026-10-05
DISK,,97,ipo,2026-10-05
DIVH,,33,ipo,2026-10-05
DJTU,84,580,rs,2026-10-05
DKI,147,423,rs,2026-10-05
DKNX,199,431,rs,2026-10-05
DLCU,,61,ipo,2026-10-05
DLFE,,224,ipo,2026-10-05
DLMY,,140,ipo,2026-10-05
DLNV,,315,ipo,2026-10-05
DLUX,,187,ipo,2026-10-05
DLXY,7,453,rs,2026-10-05
DMC,,98,ipo,2026-10-05
DMII,,306,ipo,2026-10-05
DMIIR,,306,ipo,2026-10-05
DMRA,,209,ipo,2026-10-05
DMXU,,21,ipo,2026-10-05
DNMX,,320,ipo,2026-10-05
DNMXU,,340,ipo,2026-10-05
DNMXW,,320,ipo,2026-10-05
DNNG,,237,ipo,2026-10-05
DOCK,,152,ipo,2026-10-05
DOO,,301,ipo,2026-10-05
DPC,,102,ipo,2026-10-05
DPLS,357,,rs,2026-10-05
DPRE,,173,ipo,2026-10-05
DPU,,81,ipo,2026-10-05
DQJN,,105,ipo,2026-10-05
DQSE,,14,ipo,2026-10-05
DRAL,,102,ipo,2026-10-05
DRAM,3437,186,ipo,2026-10-05
DRCT,161,1697,rs,2026-10-05
DRDBU,,38,ipo,2026-10-05
DRIP,82,,rs,2026-10-05
DRK,,18,ipo,2026-10-05
DRKY,,362,ipo,2026-10-05
DRMP,,116,ipo,2026-10-05
DRMY,,81,ipo,2026-10-05
DRNL,,216,ipo,2026-10-05
DRNZ,,341,ipo,2026-10-05
DRTMF,350,,rs,2026-10-05
DRVR,,88,ipo,2026-10-05
DSAC,,249,ipo,2026-10-05
DSACU,,300,ipo,2026-10-05
DSACW,,249,ipo,2026-10-05
DSC,,102,ipo,2026-10-05
DSCO,3909,245,ipo,2026-10-05
DSHK,301,,rs,2026-10-05
DSMLX,208,,rs,2026-10-05
DSPC,,39,ipo,2026-10-05
DSY,224,850,rs,2026-10-05
DTCK,210,1112,rs,2026-10-05
DTCX,,293,ipo,2026-10-05
DTSQU,,18,ipo,2026-10-05
DUKR,213,143,both,2026-10-05
DUKRW,,143,ipo,2026-10-05
DUKU,,49,ipo,2026-10-05
DULL,223,1321,rs,2026-10-05
DUOG,153,298,both,2026-10-05
DUSG,,152,ipo,2026-10-05
DUST,214,,rs,2026-10-05
DUTV,360,,rs,2026-10-05
DUTY,,180,ipo,2026-10-05
DVGR,,304,ipo,2026-10-05
DVHGF,256,,rs,2026-10-05
DVVY,,200,ipo,2026-10-05
DWWN,,137,ipo,2026-10-05
DXST,203,621,rs,2026-10-05
DYNC,,157,ipo,2026-10-05
DYNCU,,26,ipo,2026-10-05
DYNCW,,157,ipo,2026-10-05
DYOR,,321,ipo,2026-10-05
DYORU,,45,ipo,2026-10-05
DYORW,,321,ipo,2026-10-05
EAFH,,3,ipo,2026-10-05
EART,,217,ipo,2026-10-05
ECDA,283,1027,rs,2026-10-05
ECHO,,103,ipo,2026-10-05
ECHX,,96,ipo,2026-10-05
EDBL,84,1614,rs,2026-10-05
EDGQ,,229,ipo,2026-10-05
EDGX,,229,ipo,2026-10-05
EDHL,238,536,rs,2026-10-05
EDVA,,42,ipo,2026-10-05
EEE,5890,248,ipo,2026-10-05
EEIQ,230,2020,rs,2026-10-05
EELFF,87,,rs,2026-10-05
EEV,319,,rs,2026-10-05
EFOR,,164,ipo,2026-10-05
EFZ,130,,rs,2026-10-05
EGHAU,,38,ipo,2026-10-05
EHCC,,186,ipo,2026-10-05
EHGO,168,825,rs,2026-10-05
EHY,,361,ipo,2026-10-05
EIKN,,242,ipo,2026-10-05
EJH,189,1970,rs,2026-10-05
ELAB,45,1049,rs,2026-10-05
ELE,,314,ipo,2026-10-05
ELLA,,181,ipo,2026-10-05
ELMT,,165,ipo,2026-10-05
ELOL,,67,ipo,2026-10-05
ELOX,126,118,both,2026-10-05
ELPW,56,682,rs,2026-10-05
ELVG,202,,rs,2026-10-05
ELWT,,334,ipo,2026-10-05
EMAT,,272,ipo,2026-10-05
EMAU,,62,ipo,2026-10-05
EMBJ,,336,ipo,2026-10-05
EMBX,,364,ipo,2026-10-05
EMEM,,138,ipo,2026-10-05
EMET,,234,ipo,2026-10-05
EMFI,,165,ipo,2026-10-05
EMIS,,348,ipo,2026-10-05
EMISR,,347,ipo,2026-10-05
EMJL,,95,ipo,2026-10-05
EMJN,,125,ipo,2026-10-05
EMKT,7500,343,ipo,2026-10-05
EMMY,,152,ipo,2026-10-05
EMSC,,137,ipo,2026-10-05
EMSE,,20,ipo,2026-10-05
EMTY,130,,rs,2026-10-05
EMXX,,123,ipo,2026-10-05
ENHA,,150,ipo,2026-10-05
ENHE,,5,ipo,2026-10-05
ENHI,,207,ipo,2026-10-05
ENHU,,334,ipo,2026-10-05
ENLV,88,,rs,2026-10-05
ENRD,,117,ipo,2026-10-05
ENRDW,,117,ipo,2026-10-05
ENRG,4109,13,ipo,2026-10-05
ENTL,,104,ipo,2026-10-05
ENVB,342,2104,rs,2026-10-05
ENZN,194,,rs,2026-10-05
EO,,97,ipo,2026-10-05
EOCN,,25,ipo,2026-10-05
EOSER,,91,ipo,2026-10-05
EOSEW,,62,ipo,2026-10-05
EOSU,173,264,both,2026-10-05
EPAI,,291,ipo,2026-10-05
EPOW,17,1512,rs,2026-10-05
EPWK,322,606,rs,2026-10-05
EQPT,,255,ipo,2026-10-05
EQQQ,,74,ipo,2026-10-05
ERNA,154,1449,rs,2026-10-05
ERNAW,,241,ipo,2026-10-05
EROC,,117,ipo,2026-10-05
EROK,7602,144,ipo,2026-10-05
ERYTF,329,,rs,2026-10-05
ESBG,,320,ipo,2026-10-05
ESIM,,292,ipo,2026-10-05
ESPGY,355,,rs,2026-10-05
ESSI,154,,rs,2026-10-05
ESXMF,298,,rs,2026-10-05
ESYN,8270,13,ipo,2026-10-05
ETFT,,307,ipo,2026-10-05
ETHB,,207,ipo,2026-10-05
ETHD,319,850,rs,2026-10-05
ETHZ,350,413,rs,2026-10-05
ETNG,,146,ipo,2026-10-05
ETQ,341,711,rs,2026-10-05
ETRA,,17,ipo,2026-10-05
ETSS,,123,ipo,2026-10-05
ETSS.U,,143,ipo,2026-10-05
ETSS.WS,,123,ipo,2026-10-05
ETTY,,361,ipo,2026-10-05
EUBG,222,,rs,2026-10-05
EUDA,196,1417,rs,2026-10-05
EUHY,,336,ipo,2026-10-05
EUIG,,333,ipo,2026-10-05
EURKU,,122,ipo,2026-10-05
EUV,,152,ipo,2026-10-05
EUVX,,124,ipo,2026-10-05
EVAC.U,,11,ipo,2026-10-05
EVGUF,353,,rs,2026-10-05
EVMN,,333,ipo,2026-10-05
EVMU,,131,ipo,2026-10-05
EVOX,,306,ipo,2026-10-05
EVOXU,,328,ipo,2026-10-05
EVOXW,,306,ipo,2026-10-05
EVPF,,214,ipo,2026-10-05
EVRSF,27,,rs,2026-10-05
EWAV,,52,ipo,2026-10-05
EWAVR,,52,ipo,2026-10-05
EWAVU,,66,ipo,2026-10-05
EWPMF,364,,rs,2026-10-05
EXEEW,,335,ipo,2026-10-05
EXEEZ,,293,ipo,2026-10-05
EXEQ,,234,ipo,2026-10-05
EXPN,,53,ipo,2026-10-05
EXXBF,56,,rs,2026-10-05
EXYN,,143,ipo,2026-10-05
EXYNW,,143,ipo,2026-10-05
EYES,2464,152,ipo,2026-10-05
EZGO,139,2078,rs,2026-10-05
EZMO,,354,ipo,2026-10-05
EZRA,140,252,both,2026-10-05
EZRAW,,252,ipo,2026-10-05
EZRO,,354,ipo,2026-10-05
FAAA,,235,ipo,2026-10-05
FABC,,159,ipo,2026-10-05
FAC,,119,ipo,2026-10-05
FACWW,,119,ipo,2026-10-05
FBDT,,46,ipo,2026-10-05
FBGL,7,606,rs,2026-10-05
FBLG,189,978,rs,2026-10-05
FBRKF,80,,rs,2026-10-05
FBX,,101,ipo,2026-10-05
FBYY,,349,ipo,2026-10-05
FCBM,,109,ipo,2026-10-05
FCHL,154,396,rs,2026-10-05
FCLO,,235,ipo,2026-10-05
FCNCN,,238,ipo,2026-10-05
FCRS,8595,322,ipo,2026-10-05
FCRS.WS,,322,ipo,2026-10-05
FCUV,104,1861,rs,2026-10-05
FCXG,,228,ipo,2026-10-05
FDCT,87,,rs,2026-10-05
FDIQ,,224,ipo,2026-10-05
FDMM,,62,ipo,2026-10-05
FDMMU,,89,ipo,2026-10-05
FDMMW,,60,ipo,2026-10-05
FDOGF,4,,rs,2026-10-05
FDRS,,279,ipo,2026-10-05
FDRX,,263,ipo,2026-10-05
FDXF,,126,ipo,2026-10-05
FECM,,95,ipo,2026-10-05
FEED,34,297,both,2026-10-05
FEMD,,251,ipo,2026-10-05
FEMG,,158,ipo,2026-10-05
FEMV,,158,ipo,2026-10-05
FEMY,119,1935,rs,2026-10-05
FERAU,,122,ipo,2026-10-05
FESC,,95,ipo,2026-10-05
FEXXF,14,,rs,2026-10-05
FFAI,73,574,rs,2026-10-05
FFF,,291,ipo,2026-10-05
FFLX,,56,ipo,2026-10-05
FFR,,5,ipo,2026-10-05
FGC,,7,ipo,2026-10-05
FGCPP,,6,ipo,2026-10-05
FGHFF,265,,rs,2026-10-05
FGII,,209,ipo,2026-10-05
FGIIU,,18,ipo,2026-10-05
FGIIW,,209,ipo,2026-10-05
FGL,34,712,rs,2026-10-05
FGLDF,172,,rs,2026-10-05
FGNX,234,420,rs,2026-10-05
FGRU,,229,ipo,2026-10-05
FHIL,,110,ipo,2026-10-05
FIAT,307,817,rs,2026-10-05
FIGG,153,356,both,2026-10-05
FIMU,,109,ipo,2026-10-05
FINA,,88,ipo,2026-10-05
FINY,,153,ipo,2026-10-05
FIRY,,105,ipo,2026-10-05
FISN,,109,ipo,2026-10-05
FISV,,328,ipo,2026-10-05
FITBM,,245,ipo,2026-10-05
FITZ,,130,ipo,2026-10-05
FIXX,924,47,ipo,2026-10-05
FIYY,,153,ipo,2026-10-05
FIZY,,62,ipo,2026-10-05
FJDI,,11,ipo,2026-10-05
FJDIR,,11,ipo,2026-10-05
FJDIU,,62,ipo,2026-10-05
FJDIW,,11,ipo,2026-10-05
FJET,,291,ipo,2026-10-05
FJTCF,196,,rs,2026-10-05
FLEL,,47,ipo,2026-10-05
FLNA,,208,ipo,2026-10-05
FLXI,,221,ipo,2026-10-05
FLYD,223,1566,rs,2026-10-05
FLYE,335,851,rs,2026-10-05
FLYT,,347,ipo,2026-10-05
FLZH,238,111,both,2026-10-05
FMAC,,140,ipo,2026-10-05
FMACR,,140,ipo,2026-10-05
FMACU,,6,ipo,2026-10-05
FMTL,,334,ipo,2026-10-05
FNG,,111,ipo,2026-10-05
FNGD,238,,rs,2026-10-05
FNMCF,299,,rs,2026-10-05
FNRN,,164,ipo,2026-10-05
FNUC,,203,ipo,2026-10-05
FOCL,,126,ipo,2026-10-05
FOIL,,54,ipo,2026-10-05
FOMG,,104,ipo,2026-10-05
FOTO,7748,129,ipo,2026-10-05
FOXO,96,1480,rs,2026-10-05
FPAA,,119,ipo,2026-10-05
FPS,,242,ipo,2026-10-05
FPSX,,104,ipo,2026-10-05
FRBT,,116,ipo,2026-10-05
FREI,7264,109,ipo,2026-10-05
FRGN,,306,ipo,2026-10-05
FRGT,140,1592,rs,2026-10-05
FRMM,,217,ipo,2026-10-05
FRNM,,76,ipo,2026-10-05
FRQN,88,,rs,2026-10-05
FRSAF,10,,rs,2026-10-05
FRSX,221,,rs,2026-10-05
FRTT,,119,ipo,2026-10-05
FRUT,,35,ipo,2026-10-05
FRVO,,145,ipo,2026-10-05
FRWD,,265,ipo,2026-10-05
FSEG,,158,ipo,2026-10-05
FSEV,,158,ipo,2026-10-05
FSHPU,,137,ipo,2026-10-05
FSML,,298,ipo,2026-10-05
FSOL,,321,ipo,2026-10-05
FSPC,,88,ipo,2026-10-05
FSSL,,326,ipo,2026-10-05
FSTB,,109,ipo,2026-10-05
FTCA,,343,ipo,2026-10-05
FTFT,35,,rs,2026-10-05
FTG,,48,ipo,2026-10-05
FTH,,111,ipo,2026-10-05
FTHA,,105,ipo,2026-10-05
FTHAU,,158,ipo,2026-10-05
FTHAW,,105,ipo,2026-10-05
FTHB,,200,ipo,2026-10-05
FTMA,,329,ipo,2026-10-05
FTMH,,343,ipo,2026-10-05
FTMN,,329,ipo,2026-10-05
FTMS,,343,ipo,2026-10-05
FTMU,,343,ipo,2026-10-05
FTNJ,,329,ipo,2026-10-05
FTNY,,343,ipo,2026-10-05
FTOH,,329,ipo,2026-10-05
FTPA,,329,ipo,2026-10-05
FTRA,,70,ipo,2026-10-05
FTRA.U,,122,ipo,2026-10-05
FTRA.WS,,70,ipo,2026-10-05
FTRKF,38,,rs,2026-10-05
FTW,,336,ipo,2026-10-05
FTW.U,,332,ipo,2026-10-05
FTW.WS,,336,ipo,2026-10-05
FUBO,195,2188,rs,2026-10-05
FUNR,39,,rs,2026-10-05
FUSD,,103,ipo,2026-10-05
FUSE,,347,ipo,2026-10-05
FUSEW,,347,ipo,2026-10-05
FUTG,,356,ipo,2026-10-05
FUXA,20,,rs,2026-10-05
FVAV,,221,ipo,2026-10-05
FVNNU,,137,ipo,2026-10-05
FWAC,,66,ipo,2026-10-05
FWACR,,66,ipo,2026-10-05
FWACU,,102,ipo,2026-10-05
FWACW,,66,ipo,2026-10-05
FWCTF,304,,rs,2026-10-05
FWDI,,322,ipo,2026-10-05
FXAC,,90,ipo,2026-10-05
FXACU,,136,ipo,2026-10-05
FXACW,,90,ipo,2026-10-05
FXHO,230,95,both,2026-10-05
FXP,319,,rs,2026-10-05
GAID,,287,ipo,2026-10-05
GAING,,228,ipo,2026-10-05
GAIQ,,54,ipo,2026-10-05
GALX,,81,ipo,2026-10-05
GAME,42,1936,rs,2026-10-05
GARA,6219,287,ipo,2026-10-05
GARLF,319,,rs,2026-10-05
GARY,,287,ipo,2026-10-05
GASZ,,152,ipo,2026-10-05
GAUD,,287,ipo,2026-10-05
GAUZ,24,851,rs,2026-10-05
GAVA,,207,ipo,2026-10-05
GBCMF,101,,rs,2026-10-05
GBCMY,101,,rs,2026-10-05
GBGD,24,,rs,2026-10-05
GBHI,,322,ipo,2026-10-05
GCAN,18,,rs,2026-10-05
GCDT,,265,ipo,2026-10-05
GCGR,,105,ipo,2026-10-05
GCGRU,,158,ipo,2026-10-05
GCGRW,,104,ipo,2026-10-05
GCLO,,46,ipo,2026-10-05
GCMLF,88,,rs,2026-10-05
GCPB,,56,ipo,2026-10-05
GCPU,,13,ipo,2026-10-05
GCSH,,112,ipo,2026-10-05
GCTK,35,1666,rs,2026-10-05
GDC,98,1364,rs,2026-10-05
GDOG,,315,ipo,2026-10-05
GDT,,256,ipo,2026-10-05
GDXD,238,2132,rs,2026-10-05
GDXW,,340,ipo,2026-10-05
GEEQ,,46,ipo,2026-10-05
GEMG,164,334,both,2026-10-05
GEMQ,,24,ipo,2026-10-05
GENB,,220,ipo,2026-10-05
GENZ,,179,ipo,2026-10-05
GEORX,301,,rs,2026-10-05
GEQ,,118,ipo,2026-10-05
GEVC,,87,ipo,2026-10-05
GEVG,,293,ipo,2026-10-05
GFSG,,104,ipo,2026-10-05
GFTRF,202,,rs,2026-10-05
GFUZ,,84,ipo,2026-10-05
GFUZW,,84,ipo,2026-10-05
GGAMF,340,,rs,2026-10-05
GGAZF,87,,rs,2026-10-05
GGLS,82,1489,rs,2026-10-05
GGR,364,1644,rs,2026-10-05
GGRP,,228,ipo,2026-10-05
GGTL,,294,ipo,2026-10-05
GHXI,,53,ipo,2026-10-05
GHXIU,,104,ipo,2026-10-05
GHXIW,,52,ipo,2026-10-05
GIBO,98,514,rs,2026-10-05
GIDMF,349,,rs,2026-10-05
GIEQ,,137,ipo,2026-10-05
GIF,,221,ipo,2026-10-05
GIGGU,,138,ipo,2026-10-05
GINC,,56,ipo,2026-10-05
GIPR,87,1826,rs,2026-10-05
GISC,,112,ipo,2026-10-05
GIW,,343,ipo,2026-10-05
GIWWR,,343,ipo,2026-10-05
GIWWU,,364,ipo,2026-10-05
GIX,,200,ipo,2026-10-05
GIXI,,33,ipo,2026-10-05
GIXXR,,200,ipo,2026-10-05
GIXXU,,251,ipo,2026-10-05
GLAM,,152,ipo,2026-10-05
GLAS,,97,ipo,2026-10-05
GLDB,,346,ipo,2026-10-05
GLDN,,229,ipo,2026-10-05
GLDW,,340,ipo,2026-10-05
GLED,,174,ipo,2026-10-05
GLED.U,,215,ipo,2026-10-05
GLIBR,,313,ipo,2026-10-05
GLIIF,214,,rs,2026-10-05
GLIOF,356,,rs,2026-10-05
GLIX,,364,ipo,2026-10-05
GLL,319,,rs,2026-10-05
GLMD,47,,rs,2026-10-05
GLND,,193,ipo,2026-10-05
GLNDW,,160,ipo,2026-10-05
GLNK,8573,307,ipo,2026-10-05
GLOH,360,,rs,2026-10-05
GLOO,,320,ipo,2026-10-05
GLTK,39,,rs,2026-10-05
GLWG,,209,ipo,2026-10-05
GLX,,97,ipo,2026-10-05
GME.WS,,362,ipo,2026-10-05
GMEC,4654,97,ipo,2026-10-05
GMEX,7,207,both,2026-10-05
GMM,116,1091,rs,2026-10-05
GMOC,,342,ipo,2026-10-05
GMOD,,356,ipo,2026-10-05
GMPR,320,,rs,2026-10-05
GMRCF,251,,rs,2026-10-05
GMRS,,145,ipo,2026-10-05
GMTL,,196,ipo,2026-10-05
GNCLF,350,,rs,2026-10-05
GNLN,182,,rs,2026-10-05
GNMX,,152,ipo,2026-10-05
GNPX,81,,rs,2026-10-05
GOAI,601,250,ipo,2026-10-05
GOCOF,234,,rs,2026-10-05
GOGL,3717,101,ipo,2026-10-05
GOGY,96,,rs,2026-10-05
GOIB,,68,ipo,2026-10-05
GOLD,,307,ipo,2026-10-05
GOLI,,97,ipo,2026-10-05
GOLS,,276,ipo,2026-10-05
GOOGM,,119,ipo,2026-10-05
GOOGN,,119,ipo,2026-10-05
GOOL,,90,ipo,2026-10-05
GORO,77,,rs,2026-10-05
GOSS,24,,rs,2026-10-05
GOU,,307,ipo,2026-10-05
GOVM,,145,ipo,2026-10-05
GOVX,266,2201,rs,2026-10-05
GOVZ,153,2202,rs,2026-10-05
GOW,,7,ipo,2026-10-05
GPAC,,255,ipo,2026-10-05
GPACU,,306,ipo,2026-10-05
GPACW,,255,ipo,2026-10-05
GPATU,,138,ipo,2026-10-05
GPGI,,255,ipo,2026-10-05
GPUS,41,755,rs,2026-10-05
GPUSF,157,,rs,2026-10-05
GQMLF,235,,rs,2026-10-05
GRAF.U,,125,ipo,2026-10-05
GRAG,,298,ipo,2026-10-05
GRDX,413,308,ipo,2026-10-05
GRI,252,1260,rs,2026-10-05
GRLF,287,,rs,2026-10-05
GRML,42,207,both,2026-10-05
GRMLW,,207,ipo,2026-10-05
GRNI,,321,ipo,2026-10-05
GRNJ,,321,ipo,2026-10-05
GRNL,280,,rs,2026-10-05
GRNQ,60,,rs,2026-10-05
GRSD,,74,ipo,2026-10-05
GRTX,84,,rs,2026-10-05
GRYCF,308,,rs,2026-10-05
GSGO,,322,ipo,2026-10-05
GSHRF,68,,rs,2026-10-05
GSHRU,,56,ipo,2026-10-05
GSIW,213,1039,rs,2026-10-05
GSOL,,341,ipo,2026-10-05
GSPFD,5,,rs,2026-10-05
GSRF,,350,ipo,2026-10-05
GSRFR,,350,ipo,2026-10-05
GSRFU,,143,ipo,2026-10-05
GSRV,,95,ipo,2026-10-05
GSRVR,,89,ipo,2026-10-05
GSRVU,,21,ipo,2026-10-05
GSUI,,229,ipo,2026-10-05
GSWO,,242,ipo,2026-10-05
GTBP,27,2062,rs,2026-10-05
GTCDF,95,,rs,2026-10-05
GTEH,318,,rs,2026-10-05
GTND,,144,ipo,2026-10-05
GTOH,,224,ipo,2026-10-05
GTOP,,301,ipo,2026-10-05
GTOQ,,224,ipo,2026-10-05
GTPE,,347,ipo,2026-10-05
GUAC,,91,ipo,2026-10-05
GUACU,,143,ipo,2026-10-05
GUACW,,91,ipo,2026-10-05
GURE,343,,rs,2026-10-05
GURFF,54,,rs,2026-10-05
GUSE,,322,ipo,2026-10-05
GUTS,0,976,rs,2026-10-05
GVLE,,322,ipo,2026-10-05
GXRP,,315,ipo,2026-10-05
GXXM,172,,rs,2026-10-05
GYGY,,67,ipo,2026-10-05
HACQ,,182,ipo,2026-10-05
HACQU,,235,ipo,2026-10-05
HACQW,,182,ipo,2026-10-05
HAKY,,257,ipo,2026-10-05
HALX,,139,ipo,2026-10-05
HAO,52,983,rs,2026-10-05
HAPN,,105,ipo,2026-10-05
HAUG,,62,ipo,2026-10-05
HAVA,,294,ipo,2026-10-05
HAVAR,,294,ipo,2026-10-05
HAVAU,,69,ipo,2026-10-05
HAWG,,52,ipo,2026-10-05
HAWK,,151,ipo,2026-10-05
HBANZ,,245,ipo,2026-10-05
HBIL,,53,ipo,2026-10-05
HBIO,203,,rs,2026-10-05
HBIT,,39,ipo,2026-10-05
HBMX,,125,ipo,2026-10-05
HBNNF,132,,rs,2026-10-05
HBR,,342,ipo,2026-10-05
HBRD,,222,ipo,2026-10-05
HBTPF,132,,rs,2026-10-05
HCAC,,251,ipo,2026-10-05
HCACR,,251,ipo,2026-10-05
HCACU,,318,ipo,2026-10-05
HCAI,175,607,rs,2026-10-05
HCIC,,189,ipo,2026-10-05
HCICR,,188,ipo,2026-10-05
HCICU,,242,ipo,2026-10-05
HCIIX,356,,rs,2026-10-05
HCTI,237,1818,rs,2026-10-05
HCWB,97,1903,rs,2026-10-05
HCWC,35,749,rs,2026-10-05
HDIH,87,,rs,2026-10-05
HDRN,,132,ipo,2026-10-05
HDRNW,,132,ipo,2026-10-05
HEDG,,357,ipo,2026-10-05
HEFT,,318,ipo,2026-10-05
HELP,,273,ipo,2026-10-05
HELS,,298,ipo,2026-10-05
HEMI,,292,ipo,2026-10-05
HERE,,328,ipo,2026-10-05
HERZ,238,455,rs,2026-10-05
HIAI,,45,ipo,2026-10-05
HIBS,214,,rs,2026-10-05
HIMC,,83,ipo,2026-10-05
HIMZ,200,571,rs,2026-10-05
HIS,,139,ipo,2026-10-05
HJLY,,95,ipo,2026-10-05
HJUN,,125,ipo,2026-10-05
HKIT,91,1284,rs,2026-10-05
HLEO,75,,rs,2026-10-05
HLGVF,47,,rs,2026-10-05
HLICF,77,,rs,2026-10-05
HLSQ,26,24,both,2026-10-05
HLTH,,76,ipo,2026-10-05
HLXC,,255,ipo,2026-10-05
HLXX,,195,ipo,2026-10-05
HMAY,,152,ipo,2026-10-05
HMH,6243,187,ipo,2026-10-05
HMYY,,307,ipo,2026-10-05
HNATF,241,,rs,2026-10-05
HODO,,96,ipo,2026-10-05
HODU,,320,ipo,2026-10-05
HOII,,335,ipo,2026-10-05
HONA,,98,ipo,2026-10-05
HONAV,,112,ipo,2026-10-05
HONG,,146,ipo,2026-10-05
HONIV,,112,ipo,2026-10-05
HOOC,,87,ipo,2026-10-05
HOOX,200,565,rs,2026-10-05
HOOZ,,326,ipo,2026-10-05
HOS,,33,ipo,2026-10-05
HOST,,17,ipo,2026-10-05
HPEL,,104,ipo,2026-10-05
HPP,307,,rs,2026-10-05
HPURF,131,,rs,2026-10-05
HQ,,199,ipo,2026-10-05
HQDG,,31,ipo,2026-10-05
HQWWW,,199,ipo,2026-10-05
HRSK,,112,ipo,2026-10-05
HRZMF,300,,rs,2026-10-05
HSEP,,20,ipo,2026-10-05
HSLV,,208,ipo,2026-10-05
HTCR,182,1698,rs,2026-10-05
HTT,,287,ipo,2026-10-05
HUBC,21,1314,rs,2026-10-05
HUCK,,11,ipo,2026-10-05
HULL,5012,152,ipo,2026-10-05
HUMM,,18,ipo,2026-10-05
HUTG,,265,ipo,2026-10-05
HUYTF,298,,rs,2026-10-05
HVBVF,321,,rs,2026-10-05
HWGV,,39,ipo,2026-10-05
HWIV,,75,ipo,2026-10-05
HWMV,,11,ipo,2026-10-05
HWO,,75,ipo,2026-10-05
HXA,,45,ipo,2026-10-05
HXC,,45,ipo,2026-10-05
HXE,,45,ipo,2026-10-05
HXF,,33,ipo,2026-10-05
HYAC.U,,18,ipo,2026-10-05
HYGD,,55,ipo,2026-10-05
HYGM,,167,ipo,2026-10-05
HYGU,,55,ipo,2026-10-05
HYNE,,305,ipo,2026-10-05
HYNX,,83,ipo,2026-10-05
HYPG,,124,ipo,2026-10-05
HZBBF,311,,rs,2026-10-05
IA,,48,ipo,2026-10-05
IACL,,48,ipo,2026-10-05
IACO,,182,ipo,2026-10-05
IACOU,,236,ipo,2026-10-05
IACOW,,182,ipo,2026-10-05
IACQ,,109,ipo,2026-10-05
IACQU,,160,ipo,2026-10-05
IACQW,,109,ipo,2026-10-05
IAF,347,,rs,2026-10-05
IALT,,299,ipo,2026-10-05
IBCB,,193,ipo,2026-10-05
IBFR,,223,ipo,2026-10-05
IBG,248,739,rs,2026-10-05
IBGC,,192,ipo,2026-10-05
IBGM,,192,ipo,2026-10-05
IBHM,,193,ipo,2026-10-05
IBIM,,193,ipo,2026-10-05
IBMU,,192,ipo,2026-10-05
IBMV,,193,ipo,2026-10-05
IBMW,,180,ipo,2026-10-05
IBMX,,172,ipo,2026-10-05
IBO,12,749,rs,2026-10-05
IBTR,,193,ipo,2026-10-05
IBX,,195,ipo,2026-10-05
ICCM,123,1866,rs,2026-10-05
ICMO,,6,ipo,2026-10-05
ICON,270,815,rs,2026-10-05
ICPI,,319,ipo,2026-10-05
ICU,273,1435,rs,2026-10-05
IDAC,,91,ipo,2026-10-05
IDACU,,143,ipo,2026-10-05
IDACW,,91,ipo,2026-10-05
IDAU,,62,ipo,2026-10-05
IDJL,,95,ipo,2026-10-05
IDJN,,125,ipo,2026-10-05
IDMY,,152,ipo,2026-10-05
IDSE,,20,ipo,2026-10-05
IDTIF,52,,rs,2026-10-05
IDVY,,236,ipo,2026-10-05
IDXG,39,,rs,2026-10-05
IEAG,,209,ipo,2026-10-05
IEAGR,,209,ipo,2026-10-05
IEAGU,,262,ipo,2026-10-05
IFLN,,224,ipo,2026-10-05
IFLR,,319,ipo,2026-10-05
IGAC,8580,287,ipo,2026-10-05
IGACR,,287,ipo,2026-10-05
IGACU,,314,ipo,2026-10-05
IGPFF,287,,rs,2026-10-05
IGR,27,,rs,2026-10-05
IINC,,103,ipo,2026-10-05
ILAG,279,1545,rs,2026-10-05
ILAL,243,,rs,2026-10-05
ILLR,104,172,both,2026-10-05
ILLRW,,172,ipo,2026-10-05
ILLU,,168,ipo,2026-10-05
ILLUU,,220,ipo,2026-10-05
ILLUW,,167,ipo,2026-10-05
ILXP,81,,rs,2026-10-05
IMC,,68,ipo,2026-10-05
IMCC,39,2044,rs,2026-10-05
IMG,304,704,rs,2026-10-05
IMMP,7,,rs,2026-10-05
IMSR,,341,ipo,2026-10-05
IMSRW,,341,ipo,2026-10-05
IMTG,6753,221,ipo,2026-10-05
IMUX,161,,rs,2026-10-05
IMVP,,224,ipo,2026-10-05
INBS,293,1439,rs,2026-10-05
INCR,42,1860,rs,2026-10-05
IND,,314,ipo,2026-10-05
INDQ,,186,ipo,2026-10-05
INDZ,,228,ipo,2026-10-05
INEOF,122,,rs,2026-10-05
INFH,,122,ipo,2026-10-05
INFQ,,230,ipo,2026-10-05
INFQ.WS,,230,ipo,2026-10-05
INHD,154,66,both,2026-10-05
INIO,,123,ipo,2026-10-05
INKW,67,,rs,2026-10-05
INLF,91,641,rs,2026-10-05
INOTF,287,,rs,2026-10-05
INT,,87,ipo,2026-10-05
INTJ,230,929,rs,2026-10-05
INTS,228,1193,rs,2026-10-05
INUMF,227,,rs,2026-10-05
INYY,,124,ipo,2026-10-05
IONC,,97,ipo,2026-10-05
IOND,,69,ipo,2026-10-05
IONX,200,572,rs,2026-10-05
IONZ,26,468,rs,2026-10-05
IOSX,,97,ipo,2026-10-05
IOTR,329,543,rs,2026-10-05
IOYY,,335,ipo,2026-10-05
IPDN,21,2294,rs,2026-10-05
IPEX,,314,ipo,2026-10-05
IPEXR,,314,ipo,2026-10-05
IPEXU,,145,ipo,2026-10-05
IPFX,,140,ipo,2026-10-05
IPFXU,,192,ipo,2026-10-05
IPFXW,,140,ipo,2026-10-05
IPHXU,,38,ipo,2026-10-05
IPODU,,207,ipo,2026-10-05
IPST,165,378,rs,2026-10-05
IPTNF,153,,rs,2026-10-05
IPVV,,70,ipo,2026-10-05
IPVVU,,123,ipo,2026-10-05
IPVVW,,68,ipo,2026-10-05
IPW,59,1972,rs,2026-10-05
IPXG,,39,ipo,2026-10-05
IPXGW,,39,ipo,2026-10-05
IQGR,,19,ipo,2026-10-05
IQMM,,228,ipo,2026-10-05
IQMX,,95,ipo,2026-10-05
IQMXW,,95,ipo,2026-10-05
IQQ,,88,ipo,2026-10-05
IRAB,,223,ipo,2026-10-05
IRAB.U,,244,ipo,2026-10-05
IRAB.WS,,223,ipo,2026-10-05
IRE,199,349,both,2026-10-05
IREC,,83,ipo,2026-10-05
IREG,,293,ipo,2026-10-05
IREX,209,347,both,2026-10-05
IREZ,76,256,both,2026-10-05
IRHO,,241,ipo,2026-10-05
IRHOR,,241,ipo,2026-10-05
IRHOU,,292,ipo,2026-10-05
ISBG,3310,257,ipo,2026-10-05
ISNR,,67,ipo,2026-10-05
ISNRU,,118,ipo,2026-10-05
ISNRW,,67,ipo,2026-10-05
ISPC,160,1936,rs,2026-10-05
ISRL,,34,ipo,2026-10-05
ISSB,,257,ipo,2026-10-05
ISTM,,129,ipo,2026-10-05
ISUL,,363,ipo,2026-10-05
ITG,,96,ipo,2026-10-05
ITHA,,258,ipo,2026-10-05
ITHAU,,297,ipo,2026-10-05
ITHAW,,258,ipo,2026-10-05
ITOC,,262,ipo,2026-10-05
IVAI,,5,ipo,2026-10-05
IVEP,,180,ipo,2026-10-05
IVF,192,525,rs,2026-10-05
IVSI,,298,ipo,2026-10-05
IVSS,,305,ipo,2026-10-05
IVSX,,227,ipo,2026-10-05
IXHL,220,1678,rs,2026-10-05
IXRRF,306,,rs,2026-10-05
IZM,20,1300,rs,2026-10-05
JA,,228,ipo,2026-10-05
JAB,,61,ipo,2026-10-05
JABRR,,61,ipo,2026-10-05
JABRU,,117,ipo,2026-10-05
JABRW,,61,ipo,2026-10-05
JACS.U,,256,ipo,2026-10-05
JADB,,152,ipo,2026-10-05
JAGU,,237,ipo,2026-10-05
JAGX,18,,rs,2026-10-05
JAN,2723,199,ipo,2026-10-05
JANB,,356,ipo,2026-10-05
JANI,,245,ipo,2026-10-05
JATT,,171,ipo,2026-10-05
JBDI,97,769,rs,2026-10-05
JBLG,,90,ipo,2026-10-05
JCAL,,112,ipo,2026-10-05
JDNRF,112,,rs,2026-10-05
JDST,214,,rs,2026-10-05
JDZG,126,66,both,2026-10-05
JELH,,166,ipo,2026-10-05
JELM,,166,ipo,2026-10-05
JEM,83,483,rs,2026-10-05
JF,,262,ipo,2026-10-05
JFBR,230,1501,rs,2026-10-05
JFIL,26,,rs,2026-10-05
JHDG,,180,ipo,2026-10-05
JIDE,,250,ipo,2026-10-05
JINT,,19,ipo,2026-10-05
JLCO,,82,ipo,2026-10-05
JLVP,,66,ipo,2026-10-05
JMG,,299,ipo,2026-10-05
JMKE,,67,ipo,2026-10-05
JMMF,,298,ipo,2026-10-05
JMPLF,49,,rs,2026-10-05
JMPLY,49,,rs,2026-10-05
JOBC,,87,ipo,2026-10-05
JOBX,209,391,rs,2026-10-05
JONE,2947,32,ipo,2026-10-05
JONER,,32,ipo,2026-10-05
JONEU,,83,ipo,2026-10-05
JOUL,,152,ipo,2026-10-05
JPFP,,130,ipo,2026-10-05
JPND,,46,ipo,2026-10-05
JPNU,,46,ipo,2026-10-05
JPO,,217,ipo,2026-10-05
JPRF,,84,ipo,2026-10-05
JQTY,,5,ipo,2026-10-05
JTAI,180,1151,rs,2026-10-05
JTNY,,112,ipo,2026-10-05
JTTT,,40,ipo,2026-10-05
JUDB,,152,ipo,2026-10-05
JUDO,2085,193,ipo,2026-10-05
JULB,,356,ipo,2026-10-05
JULC,,95,ipo,2026-10-05
JULI,,96,ipo,2026-10-05
JULV,,41,ipo,2026-10-05
JUNC,,125,ipo,2026-10-05
JUNS,59,671,rs,2026-10-05
JUPGF,305,,rs,2026-10-05
JXG,318,654,rs,2026-10-05
JYD,357,1263,rs,2026-10-05
JZ,91,1501,rs,2026-10-05
JZXN,298,1966,rs,2026-10-05
KAIFF,186,,rs,2026-10-05
KAIT,,47,ipo,2026-10-05
KALA,147,,rs,2026-10-05
KAMO,,292,ipo,2026-10-05
KAPA,34,749,rs,2026-10-05
KARD,,109,ipo,2026-10-05
KATT,,26,ipo,2026-10-05
KAZR,,110,ipo,2026-10-05
KBDU,,319,ipo,2026-10-05
KBFR,,223,ipo,2026-10-05
KBON,,251,ipo,2026-10-05
KBONU,,298,ipo,2026-10-05
KBONW,,251,ipo,2026-10-05
KCA.U,,164,ipo,2026-10-05
KCAC.U,,215,ipo,2026-10-05
KCAC.WS,,164,ipo,2026-10-05
KCHP,,20,ipo,2026-10-05
KCOP,,234,ipo,2026-10-05
KDVD,,301,ipo,2026-10-05
KEEL,,182,ipo,2026-10-05
KEEX,199,161,both,2026-10-05
KEGS,10,,rs,2026-10-05
KEO,,61,ipo,2026-10-05
KEYG,,111,ipo,2026-10-05
KEYX,,103,ipo,2026-10-05
KEYY,,105,ipo,2026-10-05
KEYYU,,124,ipo,2026-10-05
KEYYW,,105,ipo,2026-10-05
KFIIU,,3,ipo,2026-10-05
KGKG,222,,rs,2026-10-05
KIDZ,53,546,rs,2026-10-05
KIQQ,,271,ipo,2026-10-05
KITT,10,1483,rs,2026-10-05
KJD,,355,ipo,2026-10-05
KLAG,,291,ipo,2026-10-05
KLGDF,286,,rs,2026-10-05
KLRA,,171,ipo,2026-10-05
KLSVF,223,,rs,2026-10-05
KLXER,,41,ipo,2026-10-05
KMCA,,151,ipo,2026-10-05
KMEM,,96,ipo,2026-10-05
KPEA,125,,rs,2026-10-05
KPET,,137,ipo,2026-10-05
KPET.U,,188,ipo,2026-10-05
KPET.WS,,137,ipo,2026-10-05
KPHO,,305,ipo,2026-10-05
KPO,,38,ipo,2026-10-05
KRAQ,,199,ipo,2026-10-05
KRAQU,,250,ipo,2026-10-05
KRAQW,,199,ipo,2026-10-05
KRSA,,26,ipo,2026-10-05
KRSP,,318,ipo,2026-10-05
KRSP.WS,,315,ipo,2026-10-05
KRWX,,124,ipo,2026-10-05
KRYP,,243,ipo,2026-10-05
KSMH,,47,ipo,2026-10-05
KTHUF,97,,rs,2026-10-05
KTWO,6965,222,ipo,2026-10-05
KTWOR,,222,ipo,2026-10-05
KTWOU,,249,ipo,2026-10-05
KUST,4,270,both,2026-10-05
KVACU,,132,ipo,2026-10-05
KWH,,82,ipo,2026-10-05
KWIN,,334,ipo,2026-10-05
KWM,63,509,rs,2026-10-05
KWY,,139,ipo,2026-10-05
KXIN,206,,rs,2026-10-05
KYC,,152,ipo,2026-10-05
KYLD,,339,ipo,2026-10-05
KYNB,,270,ipo,2026-10-05
KYSRF,125,,rs,2026-10-05
KYSYF,354,,rs,2026-10-05
LABT,105,165,both,2026-10-05
LABX,209,419,rs,2026-10-05
LACG,,298,ipo,2026-10-05
LADM,,101,ipo,2026-10-05
LAFA,,313,ipo,2026-10-05
LAFAR,,313,ipo,2026-10-05
LAFAU,,346,ipo,2026-10-05
LASC,,103,ipo,2026-10-05
LATA,,329,ipo,2026-10-05
LATAU,,168,ipo,2026-10-05
LATAW,,329,ipo,2026-10-05
LATR,,152,ipo,2026-10-05
LAZR,683,97,ipo,2026-10-05
LBGJ,63,712,rs,2026-10-05
LBHIX,301,,rs,2026-10-05
LBHYX,301,,rs,2026-10-05
LBIIX,301,,rs,2026-10-05
LBOX,,41,ipo,2026-10-05
LBUY,143,,rs,2026-10-05
LCCCU,,4,ipo,2026-10-05
LCGMF,21,,rs,2026-10-05
LCHD,35,,rs,2026-10-05
LCIV,,5,ipo,2026-10-05
LCIZ,,256,ipo,2026-10-05
LCLN,,138,ipo,2026-10-05
LCO,,270,ipo,2026-10-05
LCTO,,90,ipo,2026-10-05
LDDFF,206,,rs,2026-10-05
LDSN,321,,rs,2026-10-05
LECRF,17,,rs,2026-10-05
LEDRU,,17,ipo,2026-10-05
LEGO,,203,ipo,2026-10-05
LEGO.U,,255,ipo,2026-10-05
LEGO.WS,,203,ipo,2026-10-05
LEND,,140,ipo,2026-10-05
LENDX,87,,rs,2026-10-05
LEUX,,228,ipo,2026-10-05
LEXX,63,2092,rs,2026-10-05
LFAC,,252,ipo,2026-10-05
LFACU,,304,ipo,2026-10-05
LFACW,,252,ipo,2026-10-05
LFS,,361,ipo,2026-10-05
LFT,25,2107,rs,2026-10-05
LFTO,,123,ipo,2026-10-05
LFWD,223,979,rs,2026-10-05
LGCL,34,944,rs,2026-10-05
LGDS,,84,ipo,2026-10-05
LGHL,25,2301,rs,2026-10-05
LGMK,342,1678,rs,2026-10-05
LGSXY,84,,rs,2026-10-05
LGVN,39,2061,rs,2026-10-05
LHSW,105,550,rs,2026-10-05
LIFE,2653,249,ipo,2026-10-05
LILAP,,110,ipo,2026-10-05
LILAV,,126,ipo,2026-10-05
LILKV,,126,ipo,2026-10-05
LILPV,,126,ipo,2026-10-05
LIME,3521,96,ipo,2026-10-05
LIMN,45,522,rs,2026-10-05
LINMF,84,,rs,2026-10-05
LINT,,320,ipo,2026-10-05
LITC,,87,ipo,2026-10-05
LITG,,55,ipo,2026-10-05
LITU,,137,ipo,2026-10-05
LITX,,251,ipo,2026-10-05
LITZ,13,165,both,2026-10-05
LKFT,,150,ipo,2026-10-05
LKSP,,333,ipo,2026-10-05
LKSPR,,333,ipo,2026-10-05
LKSPU,,363,ipo,2026-10-05
LLII,,335,ipo,2026-10-05
LLMA,,4,ipo,2026-10-05
LMFA,84,,rs,2026-10-05
LMNX,,354,ipo,2026-10-05
LMRI,,298,ipo,2026-10-05
LNAI,136,369,rs,2026-10-05
LNGX,,341,ipo,2026-10-05
LNKS,182,669,rs,2026-10-05
LNNTF,258,,rs,2026-10-05
LNOK,,257,ipo,2026-10-05
LOEV,,77,ipo,2026-10-05
LOFD,,60,ipo,2026-10-05
LOFF,,112,ipo,2026-10-05
LOHA,,144,ipo,2026-10-05
LOKVU,,137,ipo,2026-10-05
LOMEF,305,,rs,2026-10-05
LONA,382,266,ipo,2026-10-05
LOVIU,,12,ipo,2026-10-05
LPAAU,,186,ipo,2026-10-05
LPBBU,,7,ipo,2026-10-05
LPCV,,238,ipo,2026-10-05
LPCVU,,291,ipo,2026-10-05
LPCVW,,238,ipo,2026-10-05
LPSN,357,,rs,2026-10-05
LPSV,,20,ipo,2026-10-05
LQ,3050,153,ipo,2026-10-05
LQDD,,55,ipo,2026-10-05
LQDM,,167,ipo,2026-10-05
LQDU,,55,ipo,2026-10-05
LQID,8105,145,ipo,2026-10-05
LRCC,,90,ipo,2026-10-05
LRHC,27,1091,rs,2026-10-05
LRNX,,103,ipo,2026-10-05
LRSNF,49,,rs,2026-10-05
LSCP,,103,ipo,2026-10-05
LSTB,,103,ipo,2026-10-05
LTAX,,265,ipo,2026-10-05
LTCC,,342,ipo,2026-10-05
LTGO,,59,ipo,2026-10-05
LTGR,,70,ipo,2026-10-05
LTGRU,,123,ipo,2026-10-05
LTGRW,,70,ipo,2026-10-05
LTSRF,258,,rs,2026-10-05
LUBIX,301,,rs,2026-10-05
LULG,,334,ipo,2026-10-05
LUMA,,82,ipo,2026-10-05
LUNC,,6,ipo,2026-10-05
LUNL,,265,ipo,2026-10-05
LVIG,,209,ipo,2026-10-05
LVLN,,321,ipo,2026-10-05
LWACU,,83,ipo,2026-10-05
LWLX,,48,ipo,2026-10-05
LXEH,168,2195,rs,2026-10-05
LXP,328,,rs,2026-10-05
LYFX,,362,ipo,2026-10-05
LYNX,7887,47,ipo,2026-10-05
LYTE,,60,ipo,2026-10-05
LZMH,136,585,rs,2026-10-05
MAAY,,335,ipo,2026-10-05
MACIU,,167,ipo,2026-10-05
MAGO,,279,ipo,2026-10-05
MAIFF,273,,rs,2026-10-05
MAIR,,172,ipo,2026-10-05
MAKO,,189,ipo,2026-10-05
MANE,,243,ipo,2026-10-05
MANVF,230,,rs,2026-10-05
MARS,,214,ipo,2026-10-05
MASK,203,635,rs,2026-10-05
MATE,,292,ipo,2026-10-05
MATR,,35,ipo,2026-10-05
MAUG,6451,157,ipo,2026-10-05
MAYC,,157,ipo,2026-10-05
MBAI,53,311,both,2026-10-05
MBAVU,,263,ipo,2026-10-05
MBBA,,252,ipo,2026-10-05
MBCE,,124,ipo,2026-10-05
MBGL,,96,ipo,2026-10-05
MBRX,308,,rs,2026-10-05
MBVI,,353,ipo,2026-10-05
MBVIW,,353,ipo,2026-10-05
MCAH,,105,ipo,2026-10-05
MCAHR,,105,ipo,2026-10-05
MCAHU,,158,ipo,2026-10-05
MCHG,,111,ipo,2026-10-05
MCHU,,130,ipo,2026-10-05
MCTA,,349,ipo,2026-10-05
MCVT,1518,194,ipo,2026-10-05
MDA,,207,ipo,2026-10-05
MDCR,,115,ipo,2026-10-05
MDLN,,292,ipo,2026-10-05
MDPEF,353,,rs,2026-10-05
MDRNF,66,,rs,2026-10-05
MEDS,1201,75,ipo,2026-10-05
MEEEF,350,,rs,2026-10-05
MEGX,,45,ipo,2026-10-05
MEHA,,334,ipo,2026-10-05
MEIB,,68,ipo,2026-10-05
MEMA,,292,ipo,2026-10-05
MEME,1253,362,ipo,2026-10-05
MEMY,,258,ipo,2026-10-05
MESA,314,,rs,2026-10-05
MESH,,248,ipo,2026-10-05
MESHU,,299,ipo,2026-10-05
MESHW,,248,ipo,2026-10-05
METG,,90,ipo,2026-10-05
METQ,,48,ipo,2026-10-05
MEVO,,228,ipo,2026-10-05
MEVOU,,248,ipo,2026-10-05
MEVOW,,228,ipo,2026-10-05
MEXGF,77,,rs,2026-10-05
MF,1449,77,ipo,2026-10-05
MFEB,,157,ipo,2026-10-05
MFGCF,291,,rs,2026-10-05
MFIG,,300,ipo,2026-10-05
MFMLF,332,,rs,2026-10-05
MFMO,,300,ipo,2026-10-05
MFP,,90,ipo,2026-10-05
MFPVV,,98,ipo,2026-10-05
MFSD,,25,ipo,2026-10-05
MFSX,,25,ipo,2026-10-05
MFVL,,300,ipo,2026-10-05
MGIN,,10,ipo,2026-10-05
MGKX,,124,ipo,2026-10-05
MGN,18,374,rs,2026-10-05
MHIFF,279,,rs,2026-10-05
MHIG,,167,ipo,2026-10-05
MHIP,,167,ipo,2026-10-05
MHUA,315,1692,rs,2026-10-05
MHX,,83,ipo,2026-10-05
MI,140,1113,rs,2026-10-05
MIAC,,42,ipo,2026-10-05
MIACU,,95,ipo,2026-10-05
MIACW,,42,ipo,2026-10-05
MIC,,101,ipo,2026-10-05
MICC,,301,ipo,2026-10-05
MIDDV,,97,ipo,2026-10-05
MIGI,318,1832,rs,2026-10-05
MIGO,,223,ipo,2026-10-05
MIMI,152,633,rs,2026-10-05
MINE,4021,251,ipo,2026-10-05
MINY,,220,ipo,2026-10-05
MIVL,,123,ipo,2026-10-05
MJUN,,115,ipo,2026-10-05
MKDW,252,795,rs,2026-10-05
MKSEF,175,,rs,2026-10-05
MLAA,,200,ipo,2026-10-05
MLAAU,,251,ipo,2026-10-05
MLAAW,,200,ipo,2026-10-05
MLACU,,132,ipo,2026-10-05
MLCC,,24,ipo,2026-10-05
MLCIL,,245,ipo,2026-10-05
MLEC,273,1371,rs,2026-10-05
MLPH,109,,rs,2026-10-05
MLPI,,291,ipo,2026-10-05
MMAR,,115,ipo,2026-10-05
MMAY,,157,ipo,2026-10-05
MMED,,213,ipo,2026-10-05
MMHI,,4,ipo,2026-10-05
MMILF,164,,rs,2026-10-05
MMK,,235,ipo,2026-10-05
MMMA,,293,ipo,2026-10-05
MMTX,,294,ipo,2026-10-05
MMTXU,,347,ipo,2026-10-05
MMTXW,,294,ipo,2026-10-05
MN,,3,ipo,2026-10-05
MNDR,98,908,rs,2026-10-05
MNGB,,13,ipo,2026-10-05
MNGU,,39,ipo,2026-10-05
MNGZ,,17,ipo,2026-10-05
MNSX,,103,ipo,2026-10-05
MNTS,291,1879,rs,2026-10-05
MNVR,,157,ipo,2026-10-05
MNVT,,201,ipo,2026-10-05
MNZL,,320,ipo,2026-10-05
MOBI,6194,150,ipo,2026-10-05
MOBX,181,1018,rs,2026-10-05
MODD,188,1698,rs,2026-10-05
MOJO,343,,rs,2026-10-05
MOOOF,305,,rs,2026-10-05
MOTMX,273,,rs,2026-10-05
MOVE,360,2022,rs,2026-10-05
MPDB,,54,ipo,2026-10-05
MPDY,,54,ipo,2026-10-05
MPG,,343,ipo,2026-10-05
MPIA,,54,ipo,2026-10-05
MPIBX,273,,rs,2026-10-05
MPIM,,54,ipo,2026-10-05
MPISX,314,,rs,2026-10-05
MPL,199,349,both,2026-10-05
MPLT,,343,ipo,2026-10-05
MPNIX,273,,rs,2026-10-05
MPSTX,273,,rs,2026-10-05
MPT,,245,ipo,2026-10-05
MPU,19,1337,rs,2026-10-05
MPWC,,90,ipo,2026-10-05
MPWX,,164,ipo,2026-10-05
MQ,96,1944,rs,2026-10-05
MRA,,131,ipo,2026-10-05
MRAL,157,577,rs,2026-10-05
MRAX,,55,ipo,2026-10-05
MRCO,,49,ipo,2026-10-05
MRCOU,,88,ipo,2026-10-05
MRCOW,,49,ipo,2026-10-05
MRDN,216,216,both,2026-10-05
MREYF,235,,rs,2026-10-05
MRLN,,202,ipo,2026-10-05
MRNX,,243,ipo,2026-10-05
MRNY,308,1077,rs,2026-10-05
MROPF,223,,rs,2026-10-05
MRSH,,264,ipo,2026-10-05
MRVU,,236,ipo,2026-10-05
MRVX,,83,ipo,2026-10-05
MSAI,175,1020,rs,2026-10-05
MSBT,,180,ipo,2026-10-05
MSCLF,248,,rs,2026-10-05
MSEP,7278,115,ipo,2026-10-05
MSFC,,101,ipo,2026-10-05
MSGY,55,454,rs,2026-10-05
MSIX,,103,ipo,2026-10-05
MSLE,,241,ipo,2026-10-05
MSOL,,69,ipo,2026-10-05
MSR,,146,ipo,2026-10-05
MSS,75,1096,rs,2026-10-05
MSSE,,69,ipo,2026-10-05
MSST,,321,ipo,2026-10-05
MST,196,521,rs,2026-10-05
MSTC,,101,ipo,2026-10-05
MSTK,,347,ipo,2026-10-05
MSTP,157,482,rs,2026-10-05
MSTU,42,747,rs,2026-10-05
MSTX,200,781,rs,2026-10-05
MSTY,301,956,rs,2026-10-05
MTAK,,18,ipo,2026-10-05
MTAKU,,73,ipo,2026-10-05
MTAKW,,18,ipo,2026-10-05
MTAL,,174,ipo,2026-10-05
MTAL.U,,207,ipo,2026-10-05
MTAL.WS,,174,ipo,2026-10-05
MTAW,,53,ipo,2026-10-05
MTEN,252,900,rs,2026-10-05
MTEST,,350,ipo,2026-10-05
MTNB,7,,rs,2026-10-05
MTNE,,105,ipo,2026-10-05
MTNE.U,,157,ipo,2026-10-05
MTNE.WS,,105,ipo,2026-10-05
MTSG,,104,ipo,2026-10-05
MTVA,304,675,rs,2026-10-05
MTYY,125,377,rs,2026-10-05
MUD,209,725,rs,2026-10-05
MUG,,47,ipo,2026-10-05
MUIB,,68,ipo,2026-10-05
MUNF,,40,ipo,2026-10-05
MUNG,,40,ipo,2026-10-05
MUNH,,40,ipo,2026-10-05
MUNJ,,39,ipo,2026-10-05
MUNX,,340,ipo,2026-10-05
MUY,,6,ipo,2026-10-05
MUYY,,174,ipo,2026-10-05
MUZ,,118,ipo,2026-10-05
MUZE,,196,ipo,2026-10-05
MUZEU,,248,ipo,2026-10-05
MUZEW,,196,ipo,2026-10-05
MVIS,63,,rs,2026-10-05
MWC,,144,ipo,2026-10-05
MWESX,46,,rs,2026-10-05
MWG,224,1281,rs,2026-10-05
MWH,,236,ipo,2026-10-05
MWHS,,98,ipo,2026-10-05
MXLL,,55,ipo,2026-10-05
MXROF,258,,rs,2026-10-05
MYCOF,349,,rs,2026-10-05
MYCP,,12,ipo,2026-10-05
MYHA,,221,ipo,2026-10-05
MYHB,,221,ipo,2026-10-05
MYHC,,221,ipo,2026-10-05
MYHD,,221,ipo,2026-10-05
MYHE,,221,ipo,2026-10-05
MYHF,,12,ipo,2026-10-05
MYML,,12,ipo,2026-10-05
MYPS,4,1931,rs,2026-10-05
MYSZ,53,,rs,2026-10-05
MYX,,143,ipo,2026-10-05
MYXXR,,143,ipo,2026-10-05
MYXXU,,174,ipo,2026-10-05
MYXXW,,143,ipo,2026-10-05
MZYX,,168,ipo,2026-10-05
MZYX.U,,222,ipo,2026-10-05
MZYX.WS,,168,ipo,2026-10-05
NA,700,4,ipo,2026-10-05
NAFS,249,,rs,2026-10-05
NAKA,136,500,rs,2026-10-05
NAMI,102,668,rs,2026-10-05
NASA,,188,ipo,2026-10-05
NAVN,,340,ipo,2026-10-05
NBFAX,357,,rs,2026-10-05
NBFCX,357,,rs,2026-10-05
NBFR,,223,ipo,2026-10-05
NBGAX,21,,rs,2026-10-05
NBGEX,21,,rs,2026-10-05
NBGNX,21,,rs,2026-10-05
NBGTX,357,,rs,2026-10-05
NBGUX,357,,rs,2026-10-05
NBIAF,146,,rs,2026-10-05
NBIAY,136,,rs,2026-10-05
NBIC,,83,ipo,2026-10-05
NBIE,,210,ipo,2026-10-05
NBIG,,343,ipo,2026-10-05
NBIL,,363,ipo,2026-10-05
NBIZ,13,256,both,2026-10-05
NBMBX,357,,rs,2026-10-05
NBMIX,21,,rs,2026-10-05
NBMOX,21,,rs,2026-10-05
NBMTX,357,,rs,2026-10-05
NBMVX,21,,rs,2026-10-05
NBP,,340,ipo,2026-10-05
NBRG,8588,196,ipo,2026-10-05
NBRGR,,195,ipo,2026-10-05
NBRGU,,248,ipo,2026-10-05
NBSTX,21,,rs,2026-10-05
NBY,224,,rs,2026-10-05
NCEL,,339,ipo,2026-10-05
NCEW,325,656,rs,2026-10-05
NCI,139,895,rs,2026-10-05
NCL,362,1082,rs,2026-10-05
NCLD,,60,ipo,2026-10-05
NCO,,66,ipo,2026-10-05
NCOOR,,66,ipo,2026-10-05
NCOOU,,76,ipo,2026-10-05
NCOOW,,66,ipo,2026-10-05
NCRA,90,1516,rs,2026-10-05
NCT,18,556,rs,2026-10-05
NDLS,229,,rs,2026-10-05
NECK,,12,ipo,2026-10-05
NEHI,8369,306,ipo,2026-10-05
NELS,,355,ipo,2026-10-05
NEMG,,322,ipo,2026-10-05
NETG,,322,ipo,2026-10-05
NETX,,362,ipo,2026-10-05
NEWTO,,242,ipo,2026-10-05
NEXR,66,188,both,2026-10-05
NEXRW,,188,ipo,2026-10-05
NFAAX,357,,rs,2026-10-05
NFACX,357,,rs,2026-10-05
NFE,21,,rs,2026-10-05
NFEGP,,21,ipo,2026-10-05
NFLDF,124,,rs,2026-10-05
NFRX,,248,ipo,2026-10-05
NFTN,364,,rs,2026-10-05
NFX,,90,ipo,2026-10-05
NGCG,215,,rs,2026-10-05
NGDAX,357,,rs,2026-10-05
NGDCX,357,,rs,2026-10-05
NGDRX,357,,rs,2026-10-05
NGEN,,270,ipo,2026-10-05
NGHT,,180,ipo,2026-10-05
NGIF,,124,ipo,2026-10-05
NGMC,238,,rs,2026-10-05
NHIV,,119,ipo,2026-10-05
NHIVU,,173,ipo,2026-10-05
NHIVW,,119,ipo,2026-10-05
NHP,,166,ipo,2026-10-05
NICM,,174,ipo,2026-10-05
NICO,,152,ipo,2026-10-05
NIKI,,77,ipo,2026-10-05
NIMU,67,,rs,2026-10-05
NINAX,21,,rs,2026-10-05
NINCX,21,,rs,2026-10-05
NINE,,188,ipo,2026-10-05
NIOG,,291,ipo,2026-10-05
NIPG,91,801,rs,2026-10-05
NIRCF,360,,rs,2026-10-05
NISM,,145,ipo,2026-10-05
NIVF,34,914,rs,2026-10-05
NKGFF,151,,rs,2026-10-05
NKLR,,360,ipo,2026-10-05
NKTP,21,,rs,2026-10-05
NLSI,,299,ipo,2026-10-05
NLSP,339,2075,rs,2026-10-05
NMAD,,91,ipo,2026-10-05
NMBL,,339,ipo,2026-10-05
NMGAX,357,,rs,2026-10-05
NMGCX,357,,rs,2026-10-05
NMGRX,357,,rs,2026-10-05
NMTC,172,1958,rs,2026-10-05
NMUAX,21,,rs,2026-10-05
NMUCX,21,,rs,2026-10-05
NNEX,,326,ipo,2026-10-05
NOEMU,,164,ipo,2026-10-05
NOEQ,,196,ipo,2026-10-05
NOMA,,339,ipo,2026-10-05
NOVTU,,327,ipo,2026-10-05
NOWG,206,,rs,2026-10-05
NOWX,,83,ipo,2026-10-05
NPFE,,208,ipo,2026-10-05
NPT,,348,ipo,2026-10-05
NQLT,,83,ipo,2026-10-05
NRAAX,21,,rs,2026-10-05
NRACX,21,,rs,2026-10-05
NRAM,,25,ipo,2026-10-05
NRARX,21,,rs,2026-10-05
NRDY,47,1840,rs,2026-10-05
NRGD,223,592,rs,2026-10-05
NRR,,6,ipo,2026-10-05
NRRWF,300,,rs,2026-10-05
NRSN,21,1761,rs,2026-10-05
NSAI,,33,ipo,2026-10-05
NSAIR,,33,ipo,2026-10-05
NSAIU,,48,ipo,2026-10-05
NSAIW,,33,ipo,2026-10-05
NSIG,,88,ipo,2026-10-05
NSIV,,88,ipo,2026-10-05
NSLR,,96,ipo,2026-10-05
NSLRL,,96,ipo,2026-10-05
NSNAX,21,,rs,2026-10-05
NSNCX,21,,rs,2026-10-05
NSNRX,21,,rs,2026-10-05
NSTR,,3,ipo,2026-10-05
NSTR.WS,,3,ipo,2026-10-05
NTAL,7691,82,ipo,2026-10-05
NTCL,91,661,rs,2026-10-05
NTEST.O,,228,ipo,2026-10-05
NTRL,,103,ipo,2026-10-05
NTSD,,200,ipo,2026-10-05
NTWOU,,48,ipo,2026-10-05
NUCL,,222,ipo,2026-10-05
NUCLW,,222,ipo,2026-10-05
NUDG,,124,ipo,2026-10-05
NUG,,322,ipo,2026-10-05
NUGN,279,,rs,2026-10-05
NUGY,,321,ipo,2026-10-05
NUIB,,20,ipo,2026-10-05
NUIF,,109,ipo,2026-10-05
NUKX,,216,ipo,2026-10-05
NULGF,343,,rs,2026-10-05
NUR,,49,ipo,2026-10-05
NUVI,153,,rs,2026-10-05
NUWE,101,1987,rs,2026-10-05
NVA.WS,,109,ipo,2026-10-05
NVC,,101,ipo,2026-10-05
NVDQ,341,1082,rs,2026-10-05
NVDS,349,1544,rs,2026-10-05
NVIB,,68,ipo,2026-10-05
NVIT,,321,ipo,2026-10-05
NVNI,364,1099,rs,2026-10-05
NVNO,258,1830,rs,2026-10-05
NVOC,,83,ipo,2026-10-05
NVOX,300,671,rs,2026-10-05
NVPS,,109,ipo,2026-10-05
NVTC,,90,ipo,2026-10-05
NVTQF,74,,rs,2026-10-05
NVVE,91,2022,rs,2026-10-05
NVX,39,1706,rs,2026-10-05
NWAX,,252,ipo,2026-10-05
NWAX.U,,305,ipo,2026-10-05
NWAX.WS,,252,ipo,2026-10-05
NWCL,,13,ipo,2026-10-05
NWCLW,,13,ipo,2026-10-05
NWMX,,347,ipo,2026-10-05
NXAT,,26,ipo,2026-10-05
NXATW,,26,ipo,2026-10-05
NXB,,129,ipo,2026-10-05
NXH,,49,ipo,2026-10-05
NXL,35,1480,rs,2026-10-05
NXPG,,125,ipo,2026-10-05
NXPL,175,1718,rs,2026-10-05
NXPX,,130,ipo,2026-10-05
NXSGF,363,,rs,2026-10-05
NXTBF,175,,rs,2026-10-05
NXTS,180,221,both,2026-10-05
NXTT,56,916,rs,2026-10-05
NXXT,21,598,rs,2026-10-05
NYM,,329,ipo,2026-10-05
NYNY,3939,152,ipo,2026-10-05
NYSX,,193,ipo,2026-10-05
NYYY,,143,ipo,2026-10-05
OACCU,,132,ipo,2026-10-05
OAIW,,53,ipo,2026-10-05
OAKG,,298,ipo,2026-10-05
OAKI,,298,ipo,2026-10-05
OAKUU,,328,ipo,2026-10-05
OARK,307,1412,rs,2026-10-05
OBAI,,243,ipo,2026-10-05
OBTC,,290,ipo,2026-10-05
OBULF,215,,rs,2026-10-05
OBX,,62,ipo,2026-10-05
OCAC,,63,ipo,2026-10-05
OCAC.U,,118,ipo,2026-10-05
OCAC.WS,,63,ipo,2026-10-05
OCDB,,152,ipo,2026-10-05
OCG,161,2120,rs,2026-10-05
OCLT,,24,ipo,2026-10-05
OCLTR,,24,ipo,2026-10-05
OCLTU,,59,ipo,2026-10-05
OCLTW,,24,ipo,2026-10-05
OCNL,,60,ipo,2026-10-05
OCT,,4,ipo,2026-10-05
OCTB,,356,ipo,2026-10-05
OCTI,,4,ipo,2026-10-05
OCTV,,130,ipo,2026-10-05
OCTVV,,137,ipo,2026-10-05
ODDZ,,152,ipo,2026-10-05
ODTE,,186,ipo,2026-10-05
ODTX,,150,ipo,2026-10-05
OEI,,348,ipo,2026-10-05
OFAL,66,502,rs,2026-10-05
OFRM,,241,ipo,2026-10-05
OGC,,181,ipo,2026-10-05
OGG,,77,ipo,2026-10-05
OGGWZ,,77,ipo,2026-10-05
OHAC,,122,ipo,2026-10-05
OHACR,,122,ipo,2026-10-05
OHACU,,137,ipo,2026-10-05
OIG,1263,17,ipo,2026-10-05
OILD,223,1791,rs,2026-10-05
OIM,,210,ipo,2026-10-05
OIMAU,,264,ipo,2026-10-05
OIMAW,,210,ipo,2026-10-05
OIO,164,209,both,2026-10-05
OIOWW,,47,ipo,2026-10-05
OKLC,,90,ipo,2026-10-05
OKLL,25,468,rs,2026-10-05
OKLS,196,313,both,2026-10-05
OKTG,,322,ipo,2026-10-05
OKTX,,362,ipo,2026-10-05
OLOX,150,256,both,2026-10-05
OMH,35,1294,rs,2026-10-05
ONCO,137,1018,rs,2026-10-05
ONDC,,90,ipo,2026-10-05
ONDG,,265,ipo,2026-10-05
ONDL,,279,ipo,2026-10-05
ONDU,13,265,both,2026-10-05
ONEH,,249,ipo,2026-10-05
ONEN,,11,ipo,2026-10-05
ONFO,56,1501,rs,2026-10-05
ONG,,125,ipo,2026-10-05
ONMD,6,1062,rs,2026-10-05
ONT,,154,ipo,2026-10-05
ONTX,1963,103,ipo,2026-10-05
ONX,,130,ipo,2026-10-05
OPAD,118,1859,rs,2026-10-05
OPEG,,298,ipo,2026-10-05
OPENL,,315,ipo,2026-10-05
OPENW,,315,ipo,2026-10-05
OPENZ,,315,ipo,2026-10-05
OPEX,209,347,both,2026-10-05
OPI,,105,ipo,2026-10-05
OPLN,,283,ipo,2026-10-05
OPNW,,4,ipo,2026-10-05
OPPG,,63,ipo,2026-10-05
OPTH,138,138,both,2026-10-05
OPTHF,138,,rs,2026-10-05
OPTT,21,,rs,2026-10-05
OPTU,,320,ipo,2026-10-05
ORAC,,97,ipo,2026-10-05
ORBX,,173,ipo,2026-10-05
ORCS,,320,ipo,2026-10-05
ORCU,,320,ipo,2026-10-05
ORCX,199,605,rs,2026-10-05
ORCZ,,82,ipo,2026-10-05
ORGN,199,1928,rs,2026-10-05
ORIO,,276,ipo,2026-10-05
ORIS,105,718,rs,2026-10-05
ORLG,,263,ipo,2026-10-05
ORO,,353,ipo,2026-10-05
OSCG,,334,ipo,2026-10-05
OSCX,196,375,rs,2026-10-05
OSG,3766,319,ipo,2026-10-05
OSPR,,45,ipo,2026-10-05
OSPRU,,96,ipo,2026-10-05
OSPRW,,45,ipo,2026-10-05
OSSL,,131,ipo,2026-10-05
OTAI,,98,ipo,2026-10-05
OTAI.U,,150,ipo,2026-10-05
OTAX,,40,ipo,2026-10-05
OTGA,,336,ipo,2026-10-05
OTGAW,,336,ipo,2026-10-05
OTH,,326,ipo,2026-10-05
OTOVF,244,,rs,2026-10-05
OUSL,,83,ipo,2026-10-05
OWLS,,354,ipo,2026-10-05
OWN,,124,ipo,2026-10-05
OXLCM,,195,ipo,2026-10-05
OYSEU,,125,ipo,2026-10-05
OZSC,257,,rs,2026-10-05
P,,171,ipo,2026-10-05
PAAC,,182,ipo,2026-10-05
PAACU,,235,ipo,2026-10-05
PAACW,,182,ipo,2026-10-05
PAAI,,35,ipo,2026-10-05
PAAU,,207,ipo,2026-10-05
PABAF,357,,rs,2026-10-05
PAII.U,,132,ipo,2026-10-05
PALO,,175,ipo,2026-10-05
PALOU,,228,ipo,2026-10-05
PALOW,,173,ipo,2026-10-05
PARA,150,59,both,2026-10-05
PARAW,,56,ipo,2026-10-05
PARK,,306,ipo,2026-10-05
PATX,,265,ipo,2026-10-05
PAVM,276,,rs,2026-10-05
PAVS,98,1301,rs,2026-10-05
PAYH,,279,ipo,2026-10-05
PAYM,,279,ipo,2026-10-05
PAYP,,207,ipo,2026-10-05
PAYR,,362,ipo,2026-10-05
PBAM,,67,ipo,2026-10-05
PBCS,,10,ipo,2026-10-05
PBEU,,314,ipo,2026-10-05
PBHDF,242,,rs,2026-10-05
PBIMF,103,,rs,2026-10-05
PBK,,124,ipo,2026-10-05
PBLS,,117,ipo,2026-10-05
PBM,245,983,rs,2026-10-05
PBOG,,314,ipo,2026-10-05
PBOT,,354,ipo,2026-10-05
PBPH,,314,ipo,2026-10-05
PBRG,,291,ipo,2026-10-05
PBSC,,104,ipo,2026-10-05
PBUB,,10,ipo,2026-10-05
PBWN,,10,ipo,2026-10-05
PCEB,,152,ipo,2026-10-05
PCLA,252,627,rs,2026-10-05
PCLC,,140,ipo,2026-10-05
PCLN,,354,ipo,2026-10-05
PCOV,,47,ipo,2026-10-05
PCPC,,20,ipo,2026-10-05
PCPI,,182,ipo,2026-10-05
PCPP,,122,ipo,2026-10-05
PCRCF,347,,rs,2026-10-05
PCSA,292,2194,rs,2026-10-05
PCSG,,140,ipo,2026-10-05
PCSV,154,,rs,2026-10-05
PCTTU,,17,ipo,2026-10-05
PDC,,258,ipo,2026-10-05
PDIYF,40,,rs,2026-10-05
PECE,,123,ipo,2026-10-05
PECER,,123,ipo,2026-10-05
PECEU,,136,ipo,2026-10-05
PECEW,,123,ipo,2026-10-05
PED,206,,rs,2026-10-05
PENU,,60,ipo,2026-10-05
PEVM,230,,rs,2026-10-05
PFDE,,278,ipo,2026-10-05
PFFEF,179,,rs,2026-10-05
PFFOF,158,,rs,2026-10-05
PFLA,,124,ipo,2026-10-05
PFOE,,278,ipo,2026-10-05
PFRX,,7,ipo,2026-10-05
PFSA,49,448,rs,2026-10-05
PGACU,,129,ipo,2026-10-05
PGRI,,347,ipo,2026-10-05
PHBI,54,,rs,2026-10-05
PHGE,314,,rs,2026-10-05
PHOS,,56,ipo,2026-10-05
PHOX,,56,ipo,2026-10-05
PICS,,249,ipo,2026-10-05
PIEL,,286,ipo,2026-10-05
PINC,8274,116,ipo,2026-10-05
PJIN,,31,ipo,2026-10-05
PJSM,,31,ipo,2026-10-05
PJUS,,137,ipo,2026-10-05
PKTEF,105,,rs,2026-10-05
PLA,,139,ipo,2026-10-05
PLCI,,54,ipo,2026-10-05
PLCIR,,54,ipo,2026-10-05
PLCIU,,73,ipo,2026-10-05
PLGI,,299,ipo,2026-10-05
PLGO,,146,ipo,2026-10-05
PLIB,,68,ipo,2026-10-05
PLLMF,336,,rs,2026-10-05
PLMKU,,264,ipo,2026-10-05
PLRZ,311,706,rs,2026-10-05
PLSAY,300,,rs,2026-10-05
PLSM,,257,ipo,2026-10-05
PLTI,,335,ipo,2026-10-05
PLTL,,101,ipo,2026-10-05
PLTZ,300,486,rs,2026-10-05
PLU,,271,ipo,2026-10-05
PLUL,,265,ipo,2026-10-05
PLUN,,109,ipo,2026-10-05
PLUN.U,,160,ipo,2026-10-05
PLYFF,220,,rs,2026-10-05
PLYX,,245,ipo,2026-10-05
PMA,,88,ipo,2026-10-05
PMAX,171,760,rs,2026-10-05
PMDE,,308,ipo,2026-10-05
PMI,63,402,rs,2026-10-05
PMN,311,1550,rs,2026-10-05
PMNV,,336,ipo,2026-10-05
PMTL,,74,ipo,2026-10-05
PN,175,580,rs,2026-10-05
PNAQ,,10,ipo,2026-10-05
PNAQ.U,,59,ipo,2026-10-05
PNXPF,17,,rs,2026-10-05
POAS,,326,ipo,2026-10-05
POEL,,157,ipo,2026-10-05
POLEU,,147,ipo,2026-10-05
POM,105,362,both,2026-10-05
PONGF,153,,rs,2026-10-05
PONO,,153,ipo,2026-10-05
PONOR,,153,ipo,2026-10-05
PONOU,,206,ipo,2026-10-05
PONX,76,391,rs,2026-10-05
PORT.U,,4,ipo,2026-10-05
POW,,342,ipo,2026-10-05
POWR,7977,341,ipo,2026-10-05
PPBT,217,2113,rs,2026-10-05
PPCB,140,416,rs,2026-10-05
PPHC,,250,ipo,2026-10-05
PPLC,,215,ipo,2026-10-05
PPLI,,123,ipo,2026-10-05
PQNT,,354,ipo,2026-10-05
PQUS,,221,ipo,2026-10-05
PQV,,96,ipo,2026-10-05
PQX,,96,ipo,2026-10-05
PQXV,,96,ipo,2026-10-05
PQXX,,96,ipo,2026-10-05
PRAB,,208,ipo,2026-10-05
PRAM,,39,ipo,2026-10-05
PRFX,241,2225,rs,2026-10-05
PRHI,125,370,rs,2026-10-05
PRIZ,,124,ipo,2026-10-05
PRMMF,356,,rs,2026-10-05
PRMR,,300,ipo,2026-10-05
PRNAF,124,,rs,2026-10-05
PRPH,287,,rs,2026-10-05
PRPL,77,,rs,2026-10-05
PRPRF,272,,rs,2026-10-05
PRTO,2460,194,ipo,2026-10-05
PRTS,132,,rs,2026-10-05
PRVT,6051,91,ipo,2026-10-05
PRXI,4235,103,ipo,2026-10-05
PS,,159,ipo,2026-10-05
PSAI,,151,ipo,2026-10-05
PSIG,357,808,rs,2026-10-05
PSNY,300,1564,rs,2026-10-05
PSNYW,300,1564,rs,2026-10-05
PSOX,,40,ipo,2026-10-05
PSQH,84,1173,rs,2026-10-05
PSQL,,38,ipo,2026-10-05
PSQLW,,38,ipo,2026-10-05
PSRU,17,,rs,2026-10-05
PSUS,,159,ipo,2026-10-05
PSYGF,56,,rs,2026-10-05
PTAC,,91,ipo,2026-10-05
PTACU,,143,ipo,2026-10-05
PTACW,,77,ipo,2026-10-05
PTLE,220,719,rs,2026-10-05
PTN,1496,327,ipo,2026-10-05
PTNT,419,152,ipo,2026-10-05
PTOR,,203,ipo,2026-10-05
PTORU,,255,ipo,2026-10-05
PTORW,,202,ipo,2026-10-05
PTRVF,220,,rs,2026-10-05
PUL,,90,ipo,2026-10-05
PUR,,89,ipo,2026-10-05
PURR,,306,ipo,2026-10-05
PUSA,,140,ipo,2026-10-05
PW,124,,rs,2026-10-05
PWCM,,75,ipo,2026-10-05
PWRL,,131,ipo,2026-10-05
PWRX,,18,ipo,2026-10-05
PWRZ,,88,ipo,2026-10-05
PXED,,361,ipo,2026-10-05
PYBX,125,,rs,2026-10-05
PYMOF,158,,rs,2026-10-05
PYPTF,350,,rs,2026-10-05
PYPU,,194,ipo,2026-10-05
PYPY,301,1105,rs,2026-10-05
PYXIF,73,,rs,2026-10-05
PZIV,,187,ipo,2026-10-05
PZLV,,187,ipo,2026-10-05
Q,,336,ipo,2026-10-05
QADR,,138,ipo,2026-10-05
QADRU,,192,ipo,2026-10-05
QADRW,,138,ipo,2026-10-05
QAU,,62,ipo,2026-10-05
QBIF,,187,ipo,2026-10-05
QBIV,,187,ipo,2026-10-05
QBKF,,187,ipo,2026-10-05
QBKV,,187,ipo,2026-10-05
QBNRX,301,,rs,2026-10-05
QBQF,,187,ipo,2026-10-05
QBQV,,187,ipo,2026-10-05
QBSV,,187,ipo,2026-10-05
QBTX,13,528,rs,2026-10-05
QBTZ,25,363,both,2026-10-05
QBY,,314,ipo,2026-10-05
QETAU,,173,ipo,2026-10-05
QEW,,201,ipo,2026-10-05
QFF,,83,ipo,2026-10-05
QFHD,,265,ipo,2026-10-05
QFRD,,265,ipo,2026-10-05
QFVRX,301,,rs,2026-10-05
QGIRX,301,,rs,2026-10-05
QH,406,129,ipo,2026-10-05
QHUOY,161,,rs,2026-10-05
QJL,,95,ipo,2026-10-05
QJN,,125,ipo,2026-10-05
QLEP,,104,ipo,2026-10-05
QLEP.U,,157,ipo,2026-10-05
QLEP.WS,,104,ipo,2026-10-05
QMLS,,81,ipo,2026-10-05
QMY,,152,ipo,2026-10-05
QNBC,,46,ipo,2026-10-05
QNBMF,341,,rs,2026-10-05
QNC,,223,ipo,2026-10-05
QNCX,97,1526,rs,2026-10-05
QNDX,,103,ipo,2026-10-05
QNME,,62,ipo,2026-10-05
QNT,,123,ipo,2026-10-05
QNTU,,96,ipo,2026-10-05
QPUX,196,424,rs,2026-10-05
QQAU,,62,ipo,2026-10-05
QQBF,,14,ipo,2026-10-05
QQI,,12,ipo,2026-10-05
QQJL,,95,ipo,2026-10-05
QQJN,,125,ipo,2026-10-05
QQMY,,157,ipo,2026-10-05
QQQB,,13,ipo,2026-10-05
QQSE,,20,ipo,2026-10-05
QRED,,151,ipo,2026-10-05
QRED.U,,173,ipo,2026-10-05
QSCGF,207,,rs,2026-10-05
QSE,,20,ipo,2026-10-05
QSEAU,,31,ipo,2026-10-05
QSOL,,294,ipo,2026-10-05
QSU,199,349,both,2026-10-05
QSX,,347,ipo,2026-10-05
QTAC,,293,ipo,2026-10-05
QTEX,,138,ipo,2026-10-05
QTEXW,,138,ipo,2026-10-05
QTI,,250,ipo,2026-10-05
QTIH,346,,rs,2026-10-05
QTUP,,118,ipo,2026-10-05
QTZCF,347,,rs,2026-10-05
QUA,,87,ipo,2026-10-05
QUACX,353,,rs,2026-10-05
QUBX,13,468,rs,2026-10-05
QUCY,,207,ipo,2026-10-05
QUSRX,301,,rs,2026-10-05
QVCG,,56,ipo,2026-10-05
QVMT,,224,ipo,2026-10-05
QVOL,,146,ipo,2026-10-05
QXAS,,257,ipo,2026-10-05
QXL,,158,ipo,2026-10-05
QYOUF,315,,rs,2026-10-05
RAAR,,236,ipo,2026-10-05
RAAY,,236,ipo,2026-10-05
RAC.U,,139,ipo,2026-10-05
RACC,,138,ipo,2026-10-05
RACD,,84,ipo,2026-10-05
RACK,4812,125,ipo,2026-10-05
RADLF,200,,rs,2026-10-05
RAM,,103,ipo,2026-10-05
RAML,,74,ipo,2026-10-05
RAMZ,,69,ipo,2026-10-05
RANGU,,137,ipo,2026-10-05
RANK,,97,ipo,2026-10-05
RAY,332,873,rs,2026-10-05
RAYA,168,1391,rs,2026-10-05
RBGLY,245,,rs,2026-10-05
RBGPF,245,,rs,2026-10-05
RBNE,88,538,rs,2026-10-05
RCAX,26,244,both,2026-10-05
RCBC,,60,ipo,2026-10-05
RCLO,,348,ipo,2026-10-05
RCLR,,236,ipo,2026-10-05
RCLY,,154,ipo,2026-10-05
RCON,48,,rs,2026-10-05
RDACU,,47,ipo,2026-10-05
RDDC,,83,ipo,2026-10-05
RDGA,237,,rs,2026-10-05
RDGT,180,580,rs,2026-10-05
RDWU,,248,ipo,2026-10-05
REA,,152,ipo,2026-10-05
REAX,41,1938,rs,2026-10-05
RECI,,83,ipo,2026-10-05
REDLF,321,,rs,2026-10-05
REED,336,304,both,2026-10-05
REF,,67,ipo,2026-10-05
REFA,,298,ipo,2026-10-05
REGS,,203,ipo,2026-10-05
REIX,,38,ipo,2026-10-05
REMC,,298,ipo,2026-10-05
RENX,193,290,both,2026-10-05
RESM,,298,ipo,2026-10-05
RETO,3,2464,rs,2026-10-05
REVB,250,1728,rs,2026-10-05
REW,130,,rs,2026-10-05
REXC,,173,ipo,2026-10-05
RFAIU,,136,ipo,2026-10-05
RFAM,,221,ipo,2026-10-05
RFAMR,,221,ipo,2026-10-05
RFAMU,,234,ipo,2026-10-05
RFLXF,355,,rs,2026-10-05
RGNT,,305,ipo,2026-10-05
RGTC,,83,ipo,2026-10-05
RGTU,209,468,rs,2026-10-05
RGTX,200,552,rs,2026-10-05
RGTZ,25,361,both,2026-10-05
RGYY,,314,ipo,2026-10-05
RIBBU,,168,ipo,2026-10-05
RIOX,200,640,rs,2026-10-05
RISE,,165,ipo,2026-10-05
RIVC,,83,ipo,2026-10-05
RIZE,,137,ipo,2026-10-05
RJCA,,63,ipo,2026-10-05
RJET,,314,ipo,2026-10-05
RKLZ,26,321,both,2026-10-05
RKNG,,256,ipo,2026-10-05
RKSG,,181,ipo,2026-10-05
RKTL,199,265,both,2026-10-05
RKTO,,130,ipo,2026-10-05
RKX,,97,ipo,2026-10-05
RLAB,305,,rs,2026-10-05
RLGDF,56,,rs,2026-10-05
RLTWF,290,,rs,2026-10-05
RLYB,241,1894,rs,2026-10-05
RMBC,,103,ipo,2026-10-05
RMBX,,96,ipo,2026-10-05
RMHY,,103,ipo,2026-10-05
RMIOF,245,,rs,2026-10-05
RMIX,,179,ipo,2026-10-05
RML,,26,ipo,2026-10-05
RMME,,307,ipo,2026-10-05
RMRC,,223,ipo,2026-10-05
RMTI,96,,rs,2026-10-05
RMXI,70,,rs,2026-10-05
RNAM,,221,ipo,2026-10-05
RNAQ,,20,ipo,2026-10-05
RNAQU,,39,ipo,2026-10-05
RNAQW,,20,ipo,2026-10-05
RNGT,,315,ipo,2026-10-05
RNGTW,,315,ipo,2026-10-05
RNLXY,293,,rs,2026-10-05
RNMN,,88,ipo,2026-10-05
ROBX,,47,ipo,2026-10-05
ROC,,227,ipo,2026-10-05
ROCQ,,200,ipo,2026-10-05
ROCY,,200,ipo,2026-10-05
RONB,,294,ipo,2026-10-05
RONN,210,,rs,2026-10-05
RPC,7312,236,ipo,2026-10-05
RPGL,10,356,both,2026-10-05
RPNRF,255,,rs,2026-10-05
RPT,278,671,rs,2026-10-05
RPTLF,21,,rs,2026-10-05
RREV,,138,ipo,2026-10-05
RREVU,,158,ipo,2026-10-05
RREVW,,138,ipo,2026-10-05
RSIT,,152,ipo,2026-10-05
RTB,,145,ipo,2026-10-05
RTOO,,81,ipo,2026-10-05
RTYY,,307,ipo,2026-10-05
RUBI,101,427,rs,2026-10-05
RVI,,213,ipo,2026-10-05
RVII,,53,ipo,2026-10-05
RVPH,210,2120,rs,2026-10-05
RVSN,243,1649,rs,2026-10-05
RVYL,276,1442,rs,2026-10-05
RWAYI,,243,ipo,2026-10-05
RWEM,,287,ipo,2026-10-05
RWIN,,180,ipo,2026-10-05
RWLC,,287,ipo,2026-10-05
RWTQ,,314,ipo,2026-10-05
RWTS,,129,ipo,2026-10-05
RXD,130,,rs,2026-10-05
RYZ,,223,ipo,2026-10-05
RZAI,,5,ipo,2026-10-05
SAAQ,,199,ipo,2026-10-05
SAAQU,,250,ipo,2026-10-05
SAAQW,,199,ipo,2026-10-05
SAC,,252,ipo,2026-10-05
SAC.U,,7,ipo,2026-10-05
SAC.WS,,252,ipo,2026-10-05
SAGU,,136,ipo,2026-10-05
SAGU.U,,151,ipo,2026-10-05
SAGU.WS,,136,ipo,2026-10-05
SAIQ,,3,ipo,2026-10-05
SALI,,20,ipo,2026-10-05
SAMO,,35,ipo,2026-10-05
SAMO.U,,87,ipo,2026-10-05
SAMO.WS,,35,ipo,2026-10-05
SASS,,215,ipo,2026-10-05
SATA,,329,ipo,2026-10-05
SATG,,293,ipo,2026-10-05
SAV,,236,ipo,2026-10-05
SAX,,39,ipo,2026-10-05
SBB,130,,rs,2026-10-05
SBEV,70,1942,rs,2026-10-05
SBFM,126,1693,rs,2026-10-05
SBLRF,62,,rs,2026-10-05
SBMT,,158,ipo,2026-10-05
SBTU,42,349,both,2026-10-05
SBU,,322,ipo,2026-10-05
SBXD.U,,61,ipo,2026-10-05
SBXE,,255,ipo,2026-10-05
SBXE.U,,306,ipo,2026-10-05
SBXE.WS,,255,ipo,2026-10-05
SCA,,131,ipo,2026-10-05
SCATU,,40,ipo,2026-10-05
SCAU,,62,ipo,2026-10-05
SCEP,,298,ipo,2026-10-05
SCII,,258,ipo,2026-10-05
SCIIR,,258,ipo,2026-10-05
SCIIU,,313,ipo,2026-10-05
SCJL,,95,ipo,2026-10-05
SCJN,,125,ipo,2026-10-05
SCLS,,335,ipo,2026-10-05
SCMC,,298,ipo,2026-10-05
SCMY,,152,ipo,2026-10-05
SCNI,45,1124,rs,2026-10-05
SCNM,,298,ipo,2026-10-05
SCNX,0,742,rs,2026-10-05
SCO,130,,rs,2026-10-05
SCOP,,154,ipo,2026-10-05
SCPFF,60,,rs,2026-10-05
SCPQ,,235,ipo,2026-10-05
SCPQU,,286,ipo,2026-10-05
SCPQW,,235,ipo,2026-10-05
SCSB,,189,ipo,2026-10-05
SCSE,,20,ipo,2026-10-05
SCTX,,73,ipo,2026-10-05
SCUB,,189,ipo,2026-10-05
SCWO,283,1574,rs,2026-10-05
SCYX,126,,rs,2026-10-05
SCZM,,257,ipo,2026-10-05
SCZMF,299,,rs,2026-10-05
SDCH,255,,rs,2026-10-05
SDEV,224,182,both,2026-10-05
SDHIU,,49,ipo,2026-10-05
SDMF,,228,ipo,2026-10-05
SDNSF,216,,rs,2026-10-05
SDOT,131,1166,rs,2026-10-05
SDP,130,,rs,2026-10-05
SDS,319,,rs,2026-10-05
SDUR,,67,ipo,2026-10-05
SECA,,14,ipo,2026-10-05
SECU,8606,252,ipo,2026-10-05
SECZ,,95,ipo,2026-10-05
SEGG,63,454,rs,2026-10-05
SEMY,,321,ipo,2026-10-05
SENS,350,,rs,2026-10-05
SEPC,,20,ipo,2026-10-05
SEPQ,,45,ipo,2026-10-05
SETH,319,1068,rs,2026-10-05
SEUS,,83,ipo,2026-10-05
SEV,,354,ipo,2026-10-05
SEVNR,,329,ipo,2026-10-05
SFGV,,341,ipo,2026-10-05
SFHG,220,720,rs,2026-10-05
SFTX,,306,ipo,2026-10-05
SFWL,27,1284,rs,2026-10-05
SFYI,,90,ipo,2026-10-05
SGLD,,34,ipo,2026-10-05
SGLY,70,1732,rs,2026-10-05
SGP,,241,ipo,2026-10-05
SGRW,,263,ipo,2026-10-05
SGRX,,31,ipo,2026-10-05
SGVA,,116,ipo,2026-10-05
SHAZ,285,229,both,2026-10-05
SHFS,5,1467,rs,2026-10-05
SHOE,,115,ipo,2026-10-05
SHOT,,80,ipo,2026-10-05
SHOTR,,80,ipo,2026-10-05
SHOTU,,117,ipo,2026-10-05
SHPH,116,1496,rs,2026-10-05
SHRD,,115,ipo,2026-10-05
SIC,,49,ipo,2026-10-05
SIJ,130,,rs,2026-10-05
SILO,124,1469,rs,2026-10-05
SIMAU,,157,ipo,2026-10-05
SIMX,,103,ipo,2026-10-05
SIND,,101,ipo,2026-10-05
SIOO,,298,ipo,2026-10-05
SITX,,55,ipo,2026-10-05
SK,,83,ipo,2026-10-05
SKDD,,83,ipo,2026-10-05
SKHA,,69,ipo,2026-10-05
SKHL,,82,ipo,2026-10-05
SKHN,,69,ipo,2026-10-05
SKHQ,,33,ipo,2026-10-05
SKHU,,83,ipo,2026-10-05
SKHX,,83,ipo,2026-10-05
SKHY,,84,ipo,2026-10-05
SKHYV,,87,ipo,2026-10-05
SKHZ,,83,ipo,2026-10-05
SKK,182,727,rs,2026-10-05
SKUU,,83,ipo,2026-10-05
SKYA,,130,ipo,2026-10-05
SKYAW,,130,ipo,2026-10-05
SKYE,42,907,rs,2026-10-05
SKYI,248,,rs,2026-10-05
SKYQ,203,725,rs,2026-10-05
SLAI,91,350,both,2026-10-05
SLBT,,112,ipo,2026-10-05
SLCNF,181,,rs,2026-10-05
SLE,255,1120,rs,2026-10-05
SLGB,,355,ipo,2026-10-05
SLMT,144,367,rs,2026-10-05
SLON,130,447,rs,2026-10-05
SLROF,81,,rs,2026-10-05
SLVX,,229,ipo,2026-10-05
SLVY,,88,ipo,2026-10-05
SLWS,,119,ipo,2026-10-05
SLXN,129,780,rs,2026-10-05
SMCC,,97,ipo,2026-10-05
SMCIP,,111,ipo,2026-10-05
SMCL,157,662,rs,2026-10-05
SMCP,,146,ipo,2026-10-05
SMCX,200,774,rs,2026-10-05
SMCZ,25,552,rs,2026-10-05
SMHC,,103,ipo,2026-10-05
SMHD,,62,ipo,2026-10-05
SMHU,,62,ipo,2026-10-05
SMJF,,305,ipo,2026-10-05
SMN,130,,rs,2026-10-05
SMOX,,306,ipo,2026-10-05
SMQ,,308,ipo,2026-10-05
SMRF,,228,ipo,2026-10-05
SMRVF,301,,rs,2026-10-05
SMRX,,87,ipo,2026-10-05
SMSI,122,,rs,2026-10-05
SMTG,,104,ipo,2026-10-05
SMTK,45,857,rs,2026-10-05
SMU,13,451,rs,2026-10-05
SMUP,180,437,rs,2026-10-05
SMX,126,1307,rs,2026-10-05
SMXT,53,951,rs,2026-10-05
SMZ,,236,ipo,2026-10-05
SNAG,,291,ipo,2026-10-05
SNAL,91,1425,rs,2026-10-05
SNBH,276,,rs,2026-10-05
SNDC,,101,ipo,2026-10-05
SNDG,,146,ipo,2026-10-05
SNDQ,76,165,both,2026-10-05
SNDU,,207,ipo,2026-10-05
SNEGF,217,,rs,2026-10-05
SNGPF,144,,rs,2026-10-05
SNK,,112,ipo,2026-10-05
SNPX,913,326,ipo,2026-10-05
SNSC,,54,ipo,2026-10-05
SNTQ,,89,ipo,2026-10-05
SNXX,,251,ipo,2026-10-05
SOEZ,,306,ipo,2026-10-05
SOFA,,236,ipo,2026-10-05
SOFC,,87,ipo,2026-10-05
SOLC,,321,ipo,2026-10-05
SOLCF,264,,rs,2026-10-05
SOLM,,335,ipo,2026-10-05
SOLS,2163,340,ipo,2026-10-05
SOLSV,,350,ipo,2026-10-05
SOLT,220,564,rs,2026-10-05
SOLX,,307,ipo,2026-10-05
SOMN,,327,ipo,2026-10-05
SONG,287,,rs,2026-10-05
SONM,343,,rs,2026-10-05
SORN,,220,ipo,2026-10-05
SORNU,,271,ipo,2026-10-05
SORNW,,216,ipo,2026-10-05
SOUX,200,468,rs,2026-10-05
SOWG,164,886,rs,2026-10-05
SOXS,82,,rs,2026-10-05
SPAL,,112,ipo,2026-10-05
SPAX,,112,ipo,2026-10-05
SPCF,,112,ipo,2026-10-05
SPCG,,112,ipo,2026-10-05
SPCH,,112,ipo,2026-10-05
SPCI,5989,207,ipo,2026-10-05
SPCK,,181,ipo,2026-10-05
SPCL,,171,ipo,2026-10-05
SPCM,,112,ipo,2026-10-05
SPCQ,,112,ipo,2026-10-05
SPCU,,112,ipo,2026-10-05
SPCX,,115,ipo,2026-10-05
SPDF,,173,ipo,2026-10-05
SPEGU,,67,ipo,2026-10-05
SPHL,307,718,rs,2026-10-05
SPIT,,364,ipo,2026-10-05
SPKLU,,31,ipo,2026-10-05
SPLS,,262,ipo,2026-10-05
SPODF,150,,rs,2026-10-05
SPOG,,322,ipo,2026-10-05
SPQS,20,,rs,2026-10-05
SPRC,215,1748,rs,2026-10-05
SPTU,,362,ipo,2026-10-05
SPTX,,157,ipo,2026-10-05
SPXU,319,,rs,2026-10-05
SPYM,,339,ipo,2026-10-05
SQBA,,42,ipo,2026-10-05
SQLT,,187,ipo,2026-10-05
SQQQ,319,,rs,2026-10-05
SQS,,203,ipo,2026-10-05
SRJN,,262,ipo,2026-10-05
SRL,,89,ipo,2026-10-05
SRPU,,347,ipo,2026-10-05
SRTY,319,,rs,2026-10-05
SRXH,91,523,rs,2026-10-05
SSAC,,220,ipo,2026-10-05
SSACR,,220,ipo,2026-10-05
SSACU,,241,ipo,2026-10-05
SSACW,,220,ipo,2026-10-05
SSCP,,146,ipo,2026-10-05
SSEAU,,252,ipo,2026-10-05
SSEBF,335,,rs,2026-10-05
SSG,319,,rs,2026-10-05
SSMG,6646,166,ipo,2026-10-05
SSMR,,123,ipo,2026-10-05
SSPC,4911,112,ipo,2026-10-05
SSS,,248,ipo,2026-10-05
STAI,293,640,rs,2026-10-05
STBQ,,286,ipo,2026-10-05
STDN,,81,ipo,2026-10-05
STFS,206,724,rs,2026-10-05
STIXF,186,,rs,2026-10-05
STKH,70,1524,rs,2026-10-05
STKXF,0,,rs,2026-10-05
STLL,,55,ipo,2026-10-05
STLN,,62,ipo,2026-10-05
STLNW,,61,ipo,2026-10-05
STLR,,187,ipo,2026-10-05
STLU,,187,ipo,2026-10-05
STMX,,47,ipo,2026-10-05
STRO,306,,rs,2026-10-05
STSM,25,321,both,2026-10-05
STXF,,119,ipo,2026-10-05
STXL,,165,ipo,2026-10-05
STXU,,146,ipo,2026-10-05
STXX,,164,ipo,2026-10-05
STYL,,152,ipo,2026-10-05
SUGP,60,985,rs,2026-10-05
SUIL,,143,ipo,2026-10-05
SUIS,,229,ipo,2026-10-05
SUJA,,151,ipo,2026-10-05
SUMA,,168,ipo,2026-10-05
SUMAR,,168,ipo,2026-10-05
SUMAU,,208,ipo,2026-10-05
SUNB,4624,217,ipo,2026-10-05
SUNC,,333,ipo,2026-10-05
SUNTF,61,,rs,2026-10-05
SVAQ,,235,ipo,2026-10-05
SVAQU,,286,ipo,2026-10-05
SVAQW,,235,ipo,2026-10-05
SVC,90,,rs,2026-10-05
SVCCU,,131,ipo,2026-10-05
SVIA,,13,ipo,2026-10-05
SVIAW,,13,ipo,2026-10-05
SVIV,,217,ipo,2026-10-05
SVIVU,,237,ipo,2026-10-05
SVIVW,,217,ipo,2026-10-05
SVRE,222,1585,rs,2026-10-05
SVRN,189,322,both,2026-10-05
SVTNF,350,,rs,2026-10-05
SWMR,,202,ipo,2026-10-05
SWRD,,25,ipo,2026-10-05
SXTC,56,,rs,2026-10-05
SXTP,258,1181,rs,2026-10-05
SYTA,363,2201,rs,2026-10-05
SZK,130,,rs,2026-10-05
SZZLU,,97,ipo,2026-10-05
TABD,,293,ipo,2026-10-05
TACN,,298,ipo,2026-10-05
TACU,,298,ipo,2026-10-05
TAJX,,124,ipo,2026-10-05
TALV,,293,ipo,2026-10-05
TANH,31,,rs,2026-10-05
TAOZ,,187,ipo,2026-10-05
TAVIU,,54,ipo,2026-10-05
TAWN,,46,ipo,2026-10-05
TBCVU,,53,ipo,2026-10-05
TBH,126,578,rs,2026-10-05
TCAN,,151,ipo,2026-10-05
TCGL,,355,ipo,2026-10-05
TCGX,,61,ipo,2026-10-05
TCPA,,355,ipo,2026-10-05
TDACU,,4,ipo,2026-10-05
TDAX,,271,ipo,2026-10-05
TDAY,,321,ipo,2026-10-05
TDCL,,82,ipo,2026-10-05
TDEM,,4,ipo,2026-10-05
TDIC,112,439,rs,2026-10-05
TDNA,,18,ipo,2026-10-05
TDOG,,256,ipo,2026-10-05
TDOT,,213,ipo,2026-10-05
TDTH,164,755,rs,2026-10-05
TDWD,,301,ipo,2026-10-05
TDWDR,,301,ipo,2026-10-05
TDWDU,,5,ipo,2026-10-05
TECS,82,,rs,2026-10-05
TECY,,153,ipo,2026-10-05
TELG,,111,ipo,2026-10-05
TEMC,,87,ipo,2026-10-05
TEMD,,256,ipo,2026-10-05
TEMR,,207,ipo,2026-10-05
TEMT,209,510,rs,2026-10-05
TEND,,362,ipo,2026-10-05
TENJ,,348,ipo,2026-10-05
TENM,,348,ipo,2026-10-05
TERC,,90,ipo,2026-10-05
TERG,,322,ipo,2026-10-05
TESC,,101,ipo,2026-10-05
TEST,,321,ipo,2026-10-05
TEUP,42,129,both,2026-10-05
TEXX,,256,ipo,2026-10-05
TFFI,,223,ipo,2026-10-05
TFGZ,,187,ipo,2026-10-05
TGL,304,1516,rs,2026-10-05
TGLDF,353,,rs,2026-10-05
TGRZ,,40,ipo,2026-10-05
THEO,,52,ipo,2026-10-05
THEOR,,52,ipo,2026-10-05
THEOU,,62,ipo,2026-10-05
THH,56,403,rs,2026-10-05
THMR,,179,ipo,2026-10-05
THOR,,104,ipo,2026-10-05
THYFX,301,,rs,2026-10-05
THYM,,319,ipo,2026-10-05
THYP,,146,ipo,2026-10-05
TIAOF,112,,rs,2026-10-05
TIH,,60,ipo,2026-10-05
TII,,318,ipo,2026-10-05
TILC,,112,ipo,2026-10-05
TIMCF,336,,rs,2026-10-05
TINS,,347,ipo,2026-10-05
TIPE,,39,ipo,2026-10-05
TIPF,,39,ipo,2026-10-05
TIPG,,39,ipo,2026-10-05
TIPH,,39,ipo,2026-10-05
TISC,,112,ipo,2026-10-05
TIZE,,21,ipo,2026-10-05
TJGC,132,299,both,2026-10-05
TKMO,138,,rs,2026-10-05
TKNQ,,286,ipo,2026-10-05
TKNS,,144,ipo,2026-10-05
TKNZ,,81,ipo,2026-10-05
TKUNF,42,,rs,2026-10-05
TLA,,244,ipo,2026-10-05
TLAC,,18,ipo,2026-10-05
TLACU,,34,ipo,2026-10-05
TLACW,,18,ipo,2026-10-05
TLDR,,257,ipo,2026-10-05
TLG,,203,ipo,2026-10-05
TLIE,,10,ipo,2026-10-05
TLIH,157,454,rs,2026-10-05
TLNC,,362,ipo,2026-10-05
TLNCW,,362,ipo,2026-10-05
TLOFF,251,,rs,2026-10-05
TLRY,307,,rs,2026-10-05
TLSS,3,,rs,2026-10-05
TMCR,,180,ipo,2026-10-05
TMGN,,82,ipo,2026-10-05
TMID,,18,ipo,2026-10-05
TMKEF,332,,rs,2026-10-05
TMLP,,286,ipo,2026-10-05
TMNL,,319,ipo,2026-10-05
TMNS,,319,ipo,2026-10-05
TMS,,104,ipo,2026-10-05
TMSF,,319,ipo,2026-10-05
TMSWW,,104,ipo,2026-10-05
TMTS,,186,ipo,2026-10-05
TMTSU,,236,ipo,2026-10-05
TMTSW,,186,ipo,2026-10-05
TMVE,,322,ipo,2026-10-05
TMYY,,174,ipo,2026-10-05
TNMG,27,668,rs,2026-10-05
TNON,56,1622,rs,2026-10-05
TNUK,,291,ipo,2026-10-05
TNXT,,249,ipo,2026-10-05
TOAO,,164,ipo,2026-10-05
TOMZ,77,2195,rs,2026-10-05
TONT,,70,ipo,2026-10-05
TONT.U,,70,ipo,2026-10-05
TONT.WS,,70,ipo,2026-10-05
TOP,63,1587,rs,2026-10-05
TOPCF,307,,rs,2026-10-05
TOPW,,196,ipo,2026-10-05
TORK,,11,ipo,2026-10-05
TOS,,250,ipo,2026-10-05
TOUR,166,,rs,2026-10-05
TOXR,,298,ipo,2026-10-05
TP,,59,ipo,2026-10-05
TPAY,,229,ipo,2026-10-05
TPEI,,46,ipo,2026-10-05
TPET,35,1266,rs,2026-10-05
TPFC,,153,ipo,2026-10-05
TPFG,,153,ipo,2026-10-05
TPFI,,153,ipo,2026-10-05
TPLX,,103,ipo,2026-10-05
TPNEF,307,,rs,2026-10-05
TPRY,,221,ipo,2026-10-05
TPTS,,103,ipo,2026-10-05
TPUT,,116,ipo,2026-10-05
TRAD,,168,ipo,2026-10-05
TRAD.U,,221,ipo,2026-10-05
TRAX,,168,ipo,2026-10-05
TRAXV,,182,ipo,2026-10-05
TRBF,,363,ipo,2026-10-05
TRBG,,32,ipo,2026-10-05
TRCTF,208,,rs,2026-10-05
TREO,46,46,both,2026-10-05
TRGS,,168,ipo,2026-10-05
TRGSR,,168,ipo,2026-10-05
TRGSU,,221,ipo,2026-10-05
TRI,154,,rs,2026-10-05
TRIB,73,,rs,2026-10-05
TRIL,4337,4,ipo,2026-10-05
TRLEF,164,,rs,2026-10-05
TRLV,,117,ipo,2026-10-05
TRNI,,70,ipo,2026-10-05
TRNR,97,1256,rs,2026-10-05
TRNZ,,70,ipo,2026-10-05
TROT,,222,ipo,2026-10-05
TROUF,150,,rs,2026-10-05
TRUC,,228,ipo,2026-10-05
TRUF,,186,ipo,2026-10-05
TRUG,6,977,rs,2026-10-05
TRUH,,186,ipo,2026-10-05
TRUI,,124,ipo,2026-10-05
TRUM,,89,ipo,2026-10-05
TRUN,,89,ipo,2026-10-05
TRUO,,124,ipo,2026-10-05
TRUR,,89,ipo,2026-10-05
TRUU,,89,ipo,2026-10-05
TRWAF,91,,rs,2026-10-05
TRXO,125,,rs,2026-10-05
TRXS,,26,ipo,2026-10-05
TSCM,,279,ipo,2026-10-05
TSCV,,322,ipo,2026-10-05
TSCZ,,32,ipo,2026-10-05
TSEE,4589,18,ipo,2026-10-05
TSEG,,111,ipo,2026-10-05
TSES,,279,ipo,2026-10-05
TSEU,,96,ipo,2026-10-05
TSIB,,68,ipo,2026-10-05
TSIC,,279,ipo,2026-10-05
TSLQ,349,1544,rs,2026-10-05
TSLS,209,1518,rs,2026-10-05
TSLY,308,1412,rs,2026-10-05
TSLZ,341,1082,rs,2026-10-05
TSNF,,279,ipo,2026-10-05
TSOL,,320,ipo,2026-10-05
TSORF,311,,rs,2026-10-05
TSRS,,279,ipo,2026-10-05
TSSD,,279,ipo,2026-10-05
TSUI,,223,ipo,2026-10-05
TSYW,,326,ipo,2026-10-05
TSYX,,271,ipo,2026-10-05
TSYY,125,656,rs,2026-10-05
TTDU,42,383,rs,2026-10-05
TTMX,,96,ipo,2026-10-05
TTOP,,326,ipo,2026-10-05
TTRX,,362,ipo,2026-10-05
TULP,,245,ipo,2026-10-05
TVAIU,,161,ipo,2026-10-05
TVGN,213,963,rs,2026-10-05
TVIV,,84,ipo,2026-10-05
TVIVU,,109,ipo,2026-10-05
TVIVW,,84,ipo,2026-10-05
TWAV,,299,ipo,2026-10-05
TWLV,,269,ipo,2026-10-05
TWLVR,,269,ipo,2026-10-05
TWLVU,,297,ipo,2026-10-05
TWSC,,101,ipo,2026-10-05
TXBC,,326,ipo,2026-10-05
TXCA,,12,ipo,2026-10-05
TXHPF,300,,rs,2026-10-05
TXNU,,194,ipo,2026-10-05
TXNY,,12,ipo,2026-10-05
TXXD,27,319,both,2026-10-05
TXXH,,158,ipo,2026-10-05
TXXS,91,305,both,2026-10-05
TYCOF,293,,rs,2026-10-05
TYYY,,143,ipo,2026-10-05
TZA,82,,rs,2026-10-05
UAC,,229,ipo,2026-10-05
UAC.U,,249,ipo,2026-10-05
UAC.WS,,229,ipo,2026-10-05
UBEW,,347,ipo,2026-10-05
UBXG,136,921,rs,2026-10-05
UBYH,95,,rs,2026-10-05
UCAR,26,1264,rs,2026-10-05
UCBG,,33,ipo,2026-10-05
UCOP,,167,ipo,2026-10-05
UCTX,,101,ipo,2026-10-05
UECG,,237,ipo,2026-10-05
UFOD,,242,ipo,2026-10-05
UFOX,,158,ipo,2026-10-05
UGLD,2912,131,ipo,2026-10-05
UGRO,238,2061,rs,2026-10-05
UK,158,2147,rs,2026-10-05
UL,300,,rs,2026-10-05
ULTHF,139,,rs,2026-10-05
ULTI,,339,ipo,2026-10-05
ULTY,308,949,rs,2026-10-05
UMAL,,109,ipo,2026-10-05
UMCU,,55,ipo,2026-10-05
UMCX,,103,ipo,2026-10-05
UN,,90,ipo,2026-10-05
UNHU,,194,ipo,2026-10-05
UNHW,,306,ipo,2026-10-05
UNLYF,300,,rs,2026-10-05
UNX,209,384,rs,2026-10-05
UOKA,203,671,rs,2026-10-05
UONE,255,,rs,2026-10-05
UONEK,255,,rs,2026-10-05
UP,161,1909,rs,2026-10-05
UPAL,,167,ipo,2026-10-05
UPLD,110,,rs,2026-10-05
UPLT,,167,ipo,2026-10-05
UPSC,,87,ipo,2026-10-05
UPSG,,298,ipo,2026-10-05
UPSX,307,482,rs,2026-10-05
USAX,,265,ipo,2026-10-05
USDE,,101,ipo,2026-10-05
USDEW,,101,ipo,2026-10-05
USEW,,291,ipo,2026-10-05
USFE,,251,ipo,2026-10-05
USGG,,265,ipo,2026-10-05
USGX,,45,ipo,2026-10-05
USLIF,346,,rs,2026-10-05
USLN,,215,ipo,2026-10-05
USLV,2912,131,ipo,2026-10-05
USLX,,45,ipo,2026-10-05
USMD,,241,ipo,2026-10-05
USMX,,45,ipo,2026-10-05
USREF,304,,rs,2026-10-05
USSX,,45,ipo,2026-10-05
USX,,124,ipo,2026-10-05
UUPP,,137,ipo,2026-10-05
UUUC,,87,ipo,2026-10-05
UUUFF,161,,rs,2026-10-05
UUUG,,265,ipo,2026-10-05
UVIX,96,1650,rs,2026-10-05
UVXY,319,,rs,2026-10-05
UXRP,130,447,rs,2026-10-05
UYSCU,,307,ipo,2026-10-05
UZX,14,140,both,2026-10-05
VACI,,319,ipo,2026-10-05
VACI.U,,339,ipo,2026-10-05
VACI.WS,,319,ipo,2026-10-05
VAI,,39,ipo,2026-10-05
VAIC,,11,ipo,2026-10-05
VAIE,,146,ipo,2026-10-05
VALG,,291,ipo,2026-10-05
VAVX,,252,ipo,2026-10-05
VBAMF,4,,rs,2026-10-05
VBCA,,193,ipo,2026-10-05
VBCB,,193,ipo,2026-10-05
VBCC,,193,ipo,2026-10-05
VBCD,,193,ipo,2026-10-05
VBCE,,193,ipo,2026-10-05
VBCF,,193,ipo,2026-10-05
VBCG,,193,ipo,2026-10-05
VBCH,,193,ipo,2026-10-05
VBCI,,193,ipo,2026-10-05
VBCJ,,193,ipo,2026-10-05
VBIO,35,160,both,2026-10-05
VBNB,,130,ipo,2026-10-05
VBX,,124,ipo,2026-10-05
VCBD,115,,rs,2026-10-05
VCHY,,123,ipo,2026-10-05
VCICU,,207,ipo,2026-10-05
VCIG,42,1271,rs,2026-10-05
VCOB,,320,ipo,2026-10-05
VCRE,,91,ipo,2026-10-05
VCUFF,305,,rs,2026-10-05
VCX,,200,ipo,2026-10-05
VDG,,172,ipo,2026-10-05
VDI,,306,ipo,2026-10-05
VDIG,,321,ipo,2026-10-05
VDV,,172,ipo,2026-10-05
VECA,,139,ipo,2026-10-05
VECA.U,,152,ipo,2026-10-05
VEEA,35,748,rs,2026-10-05
VEEE,154,1902,rs,2026-10-05
VEEM,,25,ipo,2026-10-05
VEFA,,186,ipo,2026-10-05
VEGX,,25,ipo,2026-10-05
VELL,,122,ipo,2026-10-05
VEM,,243,ipo,2026-10-05
VGLS,172,,rs,2026-10-05
VGNT,,187,ipo,2026-10-05
VGRO,,286,ipo,2026-10-05
VHCP,,238,ipo,2026-10-05
VHCPU,,291,ipo,2026-10-05
VHCPW,,238,ipo,2026-10-05
VHUB,2251,248,ipo,2026-10-05
VIAG,,90,ipo,2026-10-05
VIBEF,147,,rs,2026-10-05
VIDA,,143,ipo,2026-10-05
VII,,77,ipo,2026-10-05
VII.U,,95,ipo,2026-10-05
VII.WS,,77,ipo,2026-10-05
VIP,,73,ipo,2026-10-05
VISN,,264,ipo,2026-10-05
VIVK,0,161,both,2026-10-05
VIVO,,203,ipo,2026-10-05
VIZNF,102,,rs,2026-10-05
VLOS,,74,ipo,2026-10-05
VLOSU,,74,ipo,2026-10-05
VLOSW,,74,ipo,2026-10-05
VMAR,40,2141,rs,2026-10-05
VMET,,213,ipo,2026-10-05
VMHY,,12,ipo,2026-10-05
VMRK,,48,ipo,2026-10-05
VMSB,,306,ipo,2026-10-05
VMSD,,12,ipo,2026-10-05
VNMEU,,14,ipo,2026-10-05
VNRX,160,,rs,2026-10-05
VNUE,293,,rs,2026-10-05
VOGX,,54,ipo,2026-10-05
VOOB,,13,ipo,2026-10-05
VOOX,,124,ipo,2026-10-05
VOOY,,33,ipo,2026-10-05
VOXP,,192,ipo,2026-10-05
VPFF,,82,ipo,2026-10-05
VPX,,207,ipo,2026-10-05
VRAX,101,1537,rs,2026-10-05
VRC,,83,ipo,2026-10-05
VREOF,122,,rs,2026-10-05
VRHI,33,,rs,2026-10-05
VRME,6,2300,rs,2026-10-05
VRNO,116,,rs,2026-10-05
VRRCF,258,,rs,2026-10-05
VRXA,,116,ipo,2026-10-05
VRXAW,,116,ipo,2026-10-05
VSA,132,546,rs,2026-10-05
VSECU,,242,ipo,2026-10-05
VSEE,11,832,rs,2026-10-05
VSME,266,1103,rs,2026-10-05
VSNT,7713,273,ipo,2026-10-05
VSNTV,,294,ipo,2026-10-05
VSOL,,322,ipo,2026-10-05
VSTL,200,440,rs,2026-10-05
VSTUF,10,,rs,2026-10-05
VSXY,,125,ipo,2026-10-05
VTAK,0,1144,rs,2026-10-05
VTEPF,189,,rs,2026-10-05
VTIX,,251,ipo,2026-10-05
VUS,,306,ipo,2026-10-05
VUSG,,321,ipo,2026-10-05
VUSI,,320,ipo,2026-10-05
VUSV,,321,ipo,2026-10-05
VWAV,13,447,rs,2026-10-05
VYLR,,4,ipo,2026-10-05
VYNE,70,2218,rs,2026-10-05
WAGN,,238,ipo,2026-10-05
WALRF,199,,rs,2026-10-05
WAMA,,207,ipo,2026-10-05
WARP,,151,ipo,2026-10-05
WATR,,49,ipo,2026-10-05
WATS,,152,ipo,2026-10-05
WCCB,,19,ipo,2026-10-05
WCMG,,166,ipo,2026-10-05
WCT,27,733,rs,2026-10-05
WCUFF,80,,rs,2026-10-05
WDAI,,151,ipo,2026-10-05
WDCC,,87,ipo,2026-10-05
WDCX,,251,ipo,2026-10-05
WDE,,137,ipo,2026-10-05
WDIG,,151,ipo,2026-10-05
WDRN,,144,ipo,2026-10-05
WEAT,314,,rs,2026-10-05
WEBX,,124,ipo,2026-10-05
WELD,,105,ipo,2026-10-05
WENC,,145,ipo,2026-10-05
WENC.U,,158,ipo,2026-10-05
WENNU,,76,ipo,2026-10-05
WEPN,,216,ipo,2026-10-05
WETO,63,585,rs,2026-10-05
WFF,175,557,rs,2026-10-05
WGELF,335,,rs,2026-10-05
WGRX,132,591,rs,2026-10-05
WHK,,118,ipo,2026-10-05
WHLR,13,,rs,2026-10-05
WHLRL,,5,ipo,2026-10-05
WIMA,,207,ipo,2026-10-05
WISD,,334,ipo,2026-10-05
WKHS,301,,rs,2026-10-05
WLCO,,56,ipo,2026-10-05
WLCOU,,109,ipo,2026-10-05
WLCOW,,54,ipo,2026-10-05
WLDS,105,1483,rs,2026-10-05
WLDSW,105,1483,rs,2026-10-05
WLDU,,209,ipo,2026-10-05
WLII,,182,ipo,2026-10-05
WLIIU,,234,ipo,2026-10-05
WLIIW,,182,ipo,2026-10-05
WLTH,6755,297,ipo,2026-10-05
WMSB,,334,ipo,2026-10-05
WMTI,,335,ipo,2026-10-05
WMWWF,178,,rs,2026-10-05
WNBD,130,,rs,2026-10-05
WNDR,,152,ipo,2026-10-05
WNFT,140,,rs,2026-10-05
WNRS,145,,rs,2026-10-05
WNW,182,2120,rs,2026-10-05
WOK,109,773,rs,2026-10-05
WORX,62,2247,rs,2026-10-05
WPAC,,223,ipo,2026-10-05
WPAC.U,,49,ipo,2026-10-05
WQTM,,361,ipo,2026-10-05
WR,,152,ipo,2026-10-05
WRDLY,110,,rs,2026-10-05
WRTH,,160,ipo,2026-10-05
WSBCO,,364,ipo,2026-10-05
WSDB,,187,ipo,2026-10-05
WSE,,147,ipo,2026-10-05
WSGE,,300,ipo,2026-10-05
WSHP,,325,ipo,2026-10-05
WSMD,,68,ipo,2026-10-05
WSPC,,88,ipo,2026-10-05
WSTN,,278,ipo,2026-10-05
WSTNR,,278,ipo,2026-10-05
WSTNU,,335,ipo,2026-10-05
WTCZF,150,,rs,2026-10-05
WTER,293,,rs,2026-10-05
WTGUU,,137,ipo,2026-10-05
WTIB,,299,ipo,2026-10-05
WTLS,,256,ipo,2026-10-05
WTO,105,1126,rs,2026-10-05
WULX,,347,ipo,2026-10-05
WWLNF,112,,rs,2026-10-05
WX,,124,ipo,2026-10-05
WXM,123,552,rs,2026-10-05
WYFL,,123,ipo,2026-10-05
WYHG,125,678,rs,2026-10-05
WZRD,35,467,rs,2026-10-05
XA,,152,ipo,2026-10-05
XAGG,,329,ipo,2026-10-05
XAGI,,124,ipo,2026-10-05
XAIL,,180,ipo,2026-10-05
XAIR,84,,rs,2026-10-05
XAIW,,53,ipo,2026-10-05
XBCI,,244,ipo,2026-10-05
XBFR,,223,ipo,2026-10-05
XBIX,,124,ipo,2026-10-05
XBNB,,160,ipo,2026-10-05
XBOX,,201,ipo,2026-10-05
XBP,294,1040,rs,2026-10-05
XCBE,,206,ipo,2026-10-05
XCBEU,,257,ipo,2026-10-05
XCBEW,,206,ipo,2026-10-05
XCH,45,755,rs,2026-10-05
XCHG,6727,294,ipo,2026-10-05
XCOM,,124,ipo,2026-10-05
XCSH,,48,ipo,2026-10-05
XDEF,,228,ipo,2026-10-05
XE,,164,ipo,2026-10-05
XELLL,,362,ipo,2026-10-05
XEML,,286,ipo,2026-10-05
XEUR,,124,ipo,2026-10-05
XEY,,160,ipo,2026-10-05
XFLH,,210,ipo,2026-10-05
XFLH.U,,235,ipo,2026-10-05
XFLT,196,,rs,2026-10-05
XHLD,307,599,rs,2026-10-05
XHOA,,124,ipo,2026-10-05
XIGV,,102,ipo,2026-10-05
XIII,,17,ipo,2026-10-05
XIIIU,,66,ipo,2026-10-05
XIIIW,,17,ipo,2026-10-05
XIWC,,124,ipo,2026-10-05
XKRE,,124,ipo,2026-10-05
XLAB,,38,ipo,2026-10-05
XLABW,,38,ipo,2026-10-05
XLBX,,124,ipo,2026-10-05
XLCD,,25,ipo,2026-10-05
XLCU,,25,ipo,2026-10-05
XLEX,,124,ipo,2026-10-05
XLFX,,124,ipo,2026-10-05
XLIX,,124,ipo,2026-10-05
XLKX,,124,ipo,2026-10-05
XLO,203,1809,rs,2026-10-05
XLPD,,25,ipo,2026-10-05
XLPI,180,,rs,2026-10-05
XLPU,,25,ipo,2026-10-05
XLPX,,124,ipo,2026-10-05
XLUX,,124,ipo,2026-10-05
XLVX,,124,ipo,2026-10-05
XLYX,,124,ipo,2026-10-05
XMAX,,140,ipo,2026-10-05
XNDU,7144,192,ipo,2026-10-05
XNDX,,151,ipo,2026-10-05
XOEX,,290,ipo,2026-10-05
XOVL,,153,ipo,2026-10-05
XPAV,,124,ipo,2026-10-05
XPEG,,263,ipo,2026-10-05
XPM,,341,ipo,2026-10-05
XPON,76,1648,rs,2026-10-05
XQBT,,47,ipo,2026-10-05
XQQI,,244,ipo,2026-10-05
XQTM,,97,ipo,2026-10-05
XRN,,224,ipo,2026-10-05
XRP,,319,ipo,2026-10-05
XRPC,,326,ipo,2026-10-05
XRPK,,307,ipo,2026-10-05
XRPM,,321,ipo,2026-10-05
XRPN,,340,ipo,2026-10-05
XRPNU,,340,ipo,2026-10-05
XRPNW,,340,ipo,2026-10-05
XRPT,220,501,rs,2026-10-05
XRPZ,,315,ipo,2026-10-05
XRTX,182,1818,rs,2026-10-05
XRXDW,,234,ipo,2026-10-05
XSEM,,124,ipo,2026-10-05
XSHP,,110,ipo,2026-10-05
XSLL,,201,ipo,2026-10-05
XSLLU,,249,ipo,2026-10-05
XSLLW,,201,ipo,2026-10-05
XSPC,,111,ipo,2026-10-05
XSPI,,244,ipo,2026-10-05
XTAI,,124,ipo,2026-10-05
XTER,,39,ipo,2026-10-05
XTERU,,48,ipo,2026-10-05
XTERW,,39,ipo,2026-10-05
XTKG,214,979,rs,2026-10-05
XTLB,194,,rs,2026-10-05
XTND,,31,ipo,2026-10-05
XUSM,,20,ipo,2026-10-05
XVAD,,12,ipo,2026-10-05
XVAP,,47,ipo,2026-10-05
XVAZ,,12,ipo,2026-10-05
XVGL,,12,ipo,2026-10-05
XVMS,,12,ipo,2026-10-05
XVMT,,12,ipo,2026-10-05
XVNV,,47,ipo,2026-10-05
XVO,,124,ipo,2026-10-05
XVPT,,12,ipo,2026-10-05
XVSP,,40,ipo,2026-10-05
XVTS,,47,ipo,2026-10-05
XVUG,,124,ipo,2026-10-05
XW,,124,ipo,2026-10-05
XWIN,,329,ipo,2026-10-05
XWNG,,47,ipo,2026-10-05
XX,,4,ipo,2026-10-05
XXI,,300,ipo,2026-10-05
XXII,115,,rs,2026-10-05
XXRP,98,545,rs,2026-10-05
XXV,,321,ipo,2026-10-05
XXX,,248,ipo,2026-10-05
XYZY,308,552,rs,2026-10-05
XZO,,334,ipo,2026-10-05
YAAS,67,654,rs,2026-10-05
YARW,,69,ipo,2026-10-05
YBIT,308,895,rs,2026-10-05
YBMN,,314,ipo,2026-10-05
YBST,,293,ipo,2026-10-05
YBTY,,293,ipo,2026-10-05
YCLO,,123,ipo,2026-10-05
YCY,,341,ipo,2026-10-05
YCY.U,,165,ipo,2026-10-05
YCY.WS,,341,ipo,2026-10-05
YDDL,,361,ipo,2026-10-05
YDKG,325,381,rs,2026-10-05
YFOR,,33,ipo,2026-10-05
YGMZ,327,2175,rs,2026-10-05
YHC,84,658,rs,2026-10-05
YHNAU,,159,ipo,2026-10-05
YICC,,84,ipo,2026-10-05
YICCU,,111,ipo,2026-10-05
YICCW,,83,ipo,2026-10-05
YJGJ,251,,rs,2026-10-05
YLDW,,297,ipo,2026-10-05
YLDY,,53,ipo,2026-10-05
YMAT,87,432,rs,2026-10-05
YMT,39,412,rs,2026-10-05
YOOV,,175,ipo,2026-10-05
YRAM,,41,ipo,2026-10-05
YSAG,,82,ipo,2026-10-05
YSAU,,82,ipo,2026-10-05
YSPC,,82,ipo,2026-10-05
YSS,,249,ipo,2026-10-05
YSWY,,166,ipo,2026-10-05
YUMFF,158,,rs,2026-10-05
YUNG,,152,ipo,2026-10-05
YWRLF,61,,rs,2026-10-05
YXI,319,,rs,2026-10-05
YXT,83,780,rs,2026-10-05
YYAI,49,903,rs,2026-10-05
YYGH,104,896,rs,2026-10-05
YYYM,,209,ipo,2026-10-05
ZAAG,138,,rs,2026-10-05
ZAIRF,117,,rs,2026-10-05
ZCBA,,271,ipo,2026-10-05
ZCBB,,271,ipo,2026-10-05
ZCBC,,271,ipo,2026-10-05
ZCBE,,271,ipo,2026-10-05
ZCBF,,271,ipo,2026-10-05
ZCBG,,271,ipo,2026-10-05
ZCMD,3,2415,rs,2026-10-05
ZCSH,,41,ipo,2026-10-05
ZCZZT,,248,ipo,2026-10-05
ZDAI,228,507,rs,2026-10-05
ZDIS,,49,ipo,2026-10-05
ZETX,,243,ipo,2026-10-05
ZHGWF,280,,rs,2026-10-05
ZHOG,,276,ipo,2026-10-05
ZICX,361,,rs,2026-10-05
ZINC,,125,ipo,2026-10-05
ZINN,,49,ipo,2026-10-05
ZJYL,203,1287,rs,2026-10-05
ZKP,,243,ipo,2026-10-05
ZKPU,,269,ipo,2026-10-05
ZKPW,,243,ipo,2026-10-05
ZNB,70,409,rs,2026-10-05
ZOOZ,126,913,rs,2026-10-05
ZSL,221,,rs,2026-10-05
ZSPC,167,669,rs,2026-10-05
ZSQR,,161,ipo,2026-10-05
ZSTK,,249,ipo,2026-10-05
ZTG,,174,ipo,2026-10-05
ZUUZF,158,,rs,2026-10-05
ZVLO,4,,rs,2026-10-05
ZVV,,300,ipo,2026-10-05
ZYLM,69,,rs,2026-10-05
ZZZTA,,21,ipo,2026-10-05
ZZZTE,,21,ipo,2026-10-05
ZZZTS,,21,ipo,2026-10-05
ZZZTT,,21,ipo,2026-10-05
ZZZTX,,21,ipo,2026-10-05
